JournalID,Date,AccountType,Category,Description,Debit,Credit,Department,Status
JNL-78160,2023-06-08,Expense,Rent,Reduce bring here face different.,441.77,0.0,Operations,Reconciled
JNL-11154,2023-08-09,Expense,Rent,Church message.,289.3,0.0,Marketing,Pending
JNL-93101,2023-04-28,Equity,General,Opportunity she prove group.,31612.9,0.0,HR,Reconciled
JNL-47057,2023-05-12,Equity,General,City memory open establish firm.,47877.86,0.0,IT,Reconciled
JNL-47972,2023-08-31,Asset,General,General benefit.,0.0,23762.44,IT,Reconciled
JNL-34979,2023-07-04,Expense,Payroll,Candidate section since.,573.44,0.0,Sales,Reconciled
JNL-98305,2023-01-17,Expense,Software,Report school reason such.,611.19,0.0,Sales,Reconciled
JNL-53077,2023-11-12,Revenue,Product Sales,Store piece operation music.,0.0,6045.61,Sales,Reconciled
JNL-73366,2023-04-01,Expense,Travel,Year say yet pattern.,324.93,0.0,Operations,Reconciled
JNL-15717,2023-11-22,Expense,Utilities,Church development address.,660.54,0.0,Operations,Reconciled
JNL-89145,2023-10-20,Expense,Payroll,Myself yes ground current born.,1330.2,0.0,Sales,Reconciled
JNL-24724,2023-05-13,Revenue,Services,Parent arrive item.,0.0,378.59,Sales,Flagged
JNL-98587,2023-01-19,Revenue,Subscriptions,Listen central usually same accept.,0.0,1477.66,HR,Reconciled
JNL-48495,2023-09-10,Liability,General,Evening according.,0.0,15935.93,IT,Reconciled
JNL-33382,2023-04-17,Revenue,Services,Phone cover subject store evidence.,0.0,1812.05,HR,Reconciled
JNL-18503,2023-04-12,Expense,Software,Seem small form something assume.,318.83,0.0,HR,Reconciled
JNL-49305,2023-07-10,Liability,General,Idea natural wall authority.,42167.09,0.0,HR,Reconciled
JNL-27263,2023-04-08,Expense,Software,Price avoid kid.,798.05,0.0,Operations,Reconciled
JNL-55246,2023-09-10,Expense,Rent,Base total side everything.,183.18,0.0,HR,Reconciled
JNL-75950,2023-07-27,Revenue,Product Sales,During reduce nice authority.,0.0,1859.95,Sales,Pending
JNL-64059,2023-04-16,Equity,General,Writer laugh capital.,0.0,7400.61,Sales,Flagged
JNL-88273,2023-12-26,Asset,General,Month five foot market.,10509.39,0.0,Sales,Reconciled
JNL-10627,2023-12-20,Asset,General,Trip if.,13450.95,0.0,IT,Pending
JNL-99562,2023-09-04,Expense,Utilities,Him while score rather.,115.64,0.0,Finance,Reconciled
JNL-38798,2023-06-24,Liability,General,Choose challenge young.,33897.24,0.0,Marketing,Reconciled
JNL-50794,2023-05-10,Asset,General,Movie deep.,26454.06,0.0,Sales,Reconciled
JNL-31830,2023-02-20,Revenue,Consulting,Myself baby believe.,0.0,1222.89,IT,Reconciled
JNL-75723,2023-07-27,Expense,Rent,Point final.,2183.3,0.0,Operations,Reconciled
JNL-46821,2023-02-19,Expense,Marketing,Claim people at my view.,1459.82,0.0,Operations,Reconciled
JNL-91445,2023-09-11,Revenue,Services,Administration somebody bring.,0.0,678.75,Marketing,Reconciled
JNL-31733,2023-01-07,Revenue,Consulting,Community break.,0.0,962.79,Finance,Reconciled
JNL-30668,2023-12-11,Equity,General,Recently event help hear.,37426.92,0.0,Finance,Reconciled
JNL-45999,2023-08-16,Expense,Software,Federal significant shoulder.,1144.73,0.0,Marketing,Reconciled
JNL-96503,2023-03-05,Revenue,Product Sales,Lose expect trial.,0.0,2182.01,IT,Reconciled
JNL-71913,2023-07-09,Revenue,Services,Smile read there.,0.0,1607.09,Finance,Reconciled
JNL-59534,2023-07-12,Revenue,Product Sales,Leader soon everything cover.,0.0,83.96,Sales,Reconciled
JNL-39492,2023-11-21,Revenue,Services,Throw simple general hair.,0.0,50.85,Finance,Flagged
JNL-66280,2023-06-14,Liability,General,Almost event wall.,26423.58,0.0,Sales,Reconciled
JNL-22758,2023-06-19,Expense,Payroll,Discover Mr.,392.81,0.0,HR,Reconciled
JNL-32649,2023-01-08,Expense,Utilities,Professor food report.,563.64,0.0,IT,Reconciled
JNL-54520,2023-12-07,Asset,General,Market accept option factor.,0.0,2951.17,HR,Reconciled
JNL-39155,2023-09-11,Expense,Marketing,Future project wall college something.,663.95,0.0,Sales,Pending
JNL-16361,2023-07-05,Expense,Payroll,Finally building.,214.91,0.0,HR,Reconciled
JNL-43947,2023-06-21,Revenue,Subscriptions,Three most.,0.0,4694.86,IT,Reconciled
JNL-20119,2023-05-19,Liability,General,Area necessary.,0.0,42523.76,HR,Reconciled
JNL-83114,2023-10-04,Expense,Travel,Strategy many want forward.,1189.39,0.0,IT,Reconciled
JNL-79900,2023-03-30,Liability,General,Air act administration role.,0.0,35820.88,Finance,Reconciled
JNL-21780,2023-09-06,Expense,Software,Threat page.,1000.98,0.0,Sales,Reconciled
JNL-92706,2023-03-27,Expense,Utilities,Official its realize home until.,1135.87,0.0,HR,Reconciled
JNL-78280,2023-08-18,Expense,Rent,Work mouth both.,31.65,0.0,Sales,Reconciled
JNL-27515,2023-07-23,Revenue,Services,Believe though evidence.,0.0,605.39,Marketing,Reconciled
JNL-80214,2023-11-10,Expense,Payroll,Be memory receive ago.,1195.37,0.0,IT,Reconciled
JNL-65259,2023-03-18,Revenue,Consulting,Red large.,0.0,353.31,IT,Reconciled
JNL-11800,2023-02-23,Expense,Software,East court notice interview.,106.36,0.0,Marketing,Reconciled
JNL-53183,2023-06-13,Expense,Rent,Hospital life.,219.6,0.0,Marketing,Pending
JNL-80456,2023-08-03,Expense,Marketing,Onto city among.,623.3,0.0,Sales,Flagged
JNL-74009,2023-10-24,Expense,Software,Probably while fill rule eye.,488.31,0.0,IT,Reconciled
JNL-79630,2023-08-21,Expense,Rent,Lay past would.,249.96,0.0,HR,Reconciled
JNL-50542,2023-07-10,Expense,Rent,Month there dinner.,252.61,0.0,Sales,Reconciled
JNL-46023,2023-03-03,Expense,Marketing,Against beat.,581.68,0.0,HR,Pending
JNL-83250,2023-07-03,Expense,Travel,Drive subject relationship themselves magazine.,206.36,0.0,Operations,Reconciled
JNL-49430,2023-12-23,Revenue,Subscriptions,Foot wrong how plant themselves.,0.0,581.95,IT,Pending
JNL-62435,2023-08-28,Revenue,Product Sales,Mind head back animal.,0.0,233.04,Operations,Reconciled
JNL-81951,2023-02-02,Expense,Travel,Miss send nearly yard.,379.0,0.0,HR,Reconciled
JNL-75393,2023-12-14,Expense,Software,Quickly civil time else.,508.62,0.0,Marketing,Reconciled
JNL-94715,2023-10-11,Revenue,Subscriptions,Alone enough attention finish.,0.0,2641.55,Marketing,Reconciled
JNL-43817,2023-09-07,Expense,Rent,Control poor.,955.4,0.0,IT,Reconciled
JNL-92302,2023-06-28,Liability,General,Weight film allow.,45874.12,0.0,IT,Reconciled
JNL-55995,2023-03-11,Expense,Software,Teach expect money strong.,367.16,0.0,Operations,Reconciled
JNL-63761,2023-01-07,Expense,Marketing,Break plant here.,762.95,0.0,Finance,Pending
JNL-76776,2023-10-28,Revenue,Consulting,Course relationship hard.,0.0,1539.63,IT,Reconciled
JNL-12704,2023-11-20,Asset,General,Finish military family.,0.0,41994.62,HR,Pending
JNL-16457,2023-06-01,Liability,General,Somebody other international admit message.,0.0,40617.86,Operations,Reconciled
JNL-23039,2023-06-17,Equity,General,Theory compare law brother.,0.0,33113.0,Sales,Reconciled
JNL-50676,2023-12-27,Revenue,Product Sales,Method will chair.,0.0,686.43,Finance,Pending
JNL-16271,2023-01-31,Expense,Travel,Animal call.,28.22,0.0,IT,Reconciled
JNL-92533,2023-04-09,Expense,Travel,Help trial.,808.19,0.0,IT,Reconciled
JNL-35979,2023-10-05,Revenue,Consulting,Perhaps yes network issue admit.,0.0,298.43,Marketing,Reconciled
JNL-25917,2023-03-08,Expense,Travel,He station usually who.,539.56,0.0,HR,Pending
JNL-57376,2023-03-22,Liability,General,Candidate relate too position.,8826.94,0.0,Sales,Reconciled
JNL-14997,2023-07-12,Revenue,Subscriptions,I successful.,0.0,5850.94,Finance,Reconciled
JNL-58103,2023-09-25,Revenue,Services,Good sister say nearly.,0.0,110.41,Marketing,Reconciled
JNL-70953,2023-01-10,Expense,Travel,Half college certain.,158.39,0.0,Sales,Reconciled
JNL-44968,2023-12-18,Revenue,Product Sales,Decide new.,0.0,508.95,Marketing,Reconciled
JNL-97267,2023-10-03,Revenue,Consulting,Probably it.,0.0,1589.72,Finance,Pending
JNL-63250,2023-08-17,Liability,General,World hospital security specific.,0.0,42410.61,IT,Flagged
JNL-97793,2023-11-24,Revenue,Subscriptions,Tree amount whole.,0.0,2601.24,HR,Reconciled
JNL-30760,2023-02-03,Equity,General,Head paper society.,0.0,40638.06,IT,Reconciled
JNL-12204,2023-12-10,Expense,Travel,Another institution present.,207.03,0.0,HR,Reconciled
JNL-89069,2023-02-17,Revenue,Product Sales,Step together world century.,0.0,572.91,Sales,Pending
JNL-99956,2023-04-22,Asset,General,Performance attorney box structure.,22955.72,0.0,Sales,Reconciled
JNL-50778,2023-04-12,Liability,General,Specific catch.,30563.55,0.0,Finance,Flagged
JNL-78704,2023-02-10,Expense,Rent,Television hot reveal system.,2311.71,0.0,Finance,Reconciled
JNL-14798,2023-08-30,Expense,Utilities,Around explain recognize.,450.42,0.0,HR,Reconciled
JNL-56873,2023-10-19,Expense,Software,Down color per.,974.28,0.0,Marketing,Flagged
JNL-17731,2023-11-09,Revenue,Subscriptions,Scientist increase response.,0.0,105.63,HR,Reconciled
JNL-17008,2023-12-19,Expense,Rent,Foreign be during mean traditional.,197.0,0.0,Sales,Reconciled
JNL-58921,2023-08-15,Liability,General,Wide save.,28086.92,0.0,Marketing,Reconciled
JNL-65840,2023-06-18,Revenue,Consulting,Item myself party hope plant.,0.0,824.95,Finance,Reconciled
JNL-77601,2023-08-11,Liability,General,Alone into study husband.,0.0,6832.81,Operations,Reconciled
JNL-73867,2023-09-03,Expense,Travel,Including important right indeed.,370.05,0.0,Operations,Pending
JNL-98064,2023-11-30,Expense,Marketing,Space south traditional.,350.54,0.0,Finance,Reconciled
JNL-37163,2023-11-18,Revenue,Consulting,Community money later.,0.0,567.75,Marketing,Reconciled
JNL-19467,2023-09-05,Revenue,Services,Write performance task treatment.,0.0,4186.3,IT,Reconciled
JNL-43704,2023-07-18,Revenue,Product Sales,Local hold ability growth design.,0.0,3791.29,Operations,Pending
JNL-18040,2023-09-04,Expense,Marketing,Parent suddenly compare.,133.01,0.0,Sales,Reconciled
JNL-55011,2023-11-14,Revenue,Subscriptions,Lose before read.,0.0,902.84,Marketing,Pending
JNL-32179,2023-01-31,Equity,General,Here toward help.,0.0,35395.54,Operations,Flagged
JNL-98503,2023-11-16,Liability,General,Crime dinner guess.,33851.28,0.0,Sales,Reconciled
JNL-61908,2023-10-23,Liability,General,Thousand stay billion leave.,0.0,39026.71,Operations,Pending
JNL-88511,2023-11-25,Expense,Software,Leave claim size.,302.34,0.0,Marketing,Reconciled
JNL-82516,2023-03-16,Expense,Rent,Miss plan little difficult field.,1922.33,0.0,Sales,Reconciled
JNL-93647,2023-06-23,Liability,General,Second room matter phone term.,45316.45,0.0,Marketing,Pending
JNL-71212,2023-05-03,Revenue,Consulting,Finish voice defense important deep.,0.0,11771.82,Sales,Reconciled
JNL-30399,2023-10-22,Expense,Utilities,Yourself article economy include.,130.17,0.0,Operations,Pending
JNL-66867,2023-10-24,Revenue,Subscriptions,After letter side response gas.,0.0,740.48,HR,Reconciled
JNL-77880,2023-09-04,Equity,General,Accept draw event company series.,0.0,46727.65,HR,Reconciled
JNL-97744,2023-04-15,Liability,General,Nearly the fund.,0.0,46853.15,Operations,Reconciled
JNL-94039,2023-01-01,Expense,Utilities,Amount dark no participant list.,269.93,0.0,Operations,Reconciled
JNL-26591,2023-05-22,Expense,Payroll,Guy on create prevent add.,567.38,0.0,Sales,Reconciled
JNL-53121,2023-12-25,Liability,General,Total father rest.,0.0,26664.48,Finance,Reconciled
JNL-78281,2023-07-27,Revenue,Services,Technology whether wonder.,0.0,6677.24,HR,Reconciled
JNL-13514,2023-05-10,Expense,Marketing,Enter smile interview admit low.,214.84,0.0,IT,Reconciled
JNL-58052,2023-02-21,Asset,General,Cut lay really bag.,0.0,10274.59,Sales,Pending
JNL-88097,2023-04-07,Expense,Travel,Very feeling computer.,669.32,0.0,Finance,Reconciled
JNL-62119,2023-06-03,Revenue,Services,Compare everything ahead.,0.0,942.2,Operations,Reconciled
JNL-10898,2023-07-11,Expense,Utilities,Now themselves base tonight.,23.29,0.0,Marketing,Reconciled
JNL-86169,2023-05-06,Asset,General,Part me family.,0.0,37289.27,HR,Reconciled
JNL-48423,2023-03-08,Revenue,Subscriptions,Seat game practice police.,0.0,919.13,Operations,Pending
JNL-36672,2023-11-03,Revenue,Services,Health remain maybe.,0.0,10063.47,Marketing,Reconciled
JNL-28586,2023-08-19,Revenue,Product Sales,Daughter simple.,0.0,3839.13,Operations,Pending
JNL-20435,2023-02-12,Expense,Rent,Ten offer few artist situation.,1064.31,0.0,Finance,Reconciled
JNL-52343,2023-08-20,Expense,Utilities,Although pattern above less question.,420.48,0.0,IT,Reconciled
JNL-41514,2023-02-27,Expense,Utilities,Order seem rest.,233.57,0.0,Sales,Reconciled
JNL-56157,2023-08-08,Expense,Software,Suggest real style wrong.,143.19,0.0,HR,Reconciled
JNL-90369,2023-02-11,Equity,General,Leave food nation.,0.0,32662.38,Operations,Reconciled
JNL-55379,2023-09-29,Revenue,Subscriptions,Tell simple event some best.,0.0,2427.41,Sales,Pending
JNL-85969,2023-12-17,Expense,Utilities,Marriage military threat indeed big.,557.11,0.0,Operations,Reconciled
JNL-15045,2023-01-27,Expense,Travel,Rich whole indicate article.,1484.53,0.0,IT,Reconciled
JNL-56354,2023-01-31,Liability,General,Force and result.,0.0,3239.49,Marketing,Reconciled
JNL-78888,2023-09-07,Expense,Software,Air economy.,40.15,0.0,Sales,Reconciled
JNL-90189,2023-03-04,Liability,General,Fish approach.,0.0,45277.66,Sales,Reconciled
JNL-77005,2023-01-23,Revenue,Subscriptions,Experience science involve.,0.0,264.06,HR,Reconciled
JNL-22407,2023-09-19,Liability,General,Agency material.,44907.85,0.0,Sales,Reconciled
JNL-46818,2023-02-02,Revenue,Consulting,House put number talk cold.,0.0,6551.69,Marketing,Reconciled
JNL-48181,2023-01-30,Revenue,Product Sales,Agreement skin step.,0.0,1130.82,Operations,Reconciled
JNL-47128,2023-06-28,Revenue,Consulting,Animal huge will be.,0.0,738.25,Operations,Pending
JNL-64071,2023-12-20,Revenue,Subscriptions,Need customer defense but.,0.0,9984.32,Marketing,Reconciled
JNL-97821,2023-11-18,Expense,Rent,Mean on doctor pick.,525.29,0.0,Finance,Reconciled
JNL-41428,2023-12-17,Asset,General,Than tend.,0.0,3913.43,HR,Reconciled
JNL-79294,2023-03-16,Liability,General,Often leader beat.,18708.42,0.0,IT,Reconciled
JNL-80465,2023-04-25,Expense,Travel,Person seem TV time.,748.37,0.0,Sales,Reconciled
JNL-52701,2023-12-12,Liability,General,Reality middle American voice little.,30734.05,0.0,Operations,Reconciled
JNL-57317,2023-04-29,Revenue,Product Sales,Senior show factor civil.,0.0,257.66,HR,Reconciled
JNL-89757,2023-06-07,Expense,Payroll,Born bank decade.,1028.89,0.0,Finance,Reconciled
JNL-29147,2023-12-21,Expense,Payroll,Walk compare control minute quickly.,219.58,0.0,Operations,Reconciled
JNL-52933,2023-05-18,Revenue,Product Sales,Fill popular play.,0.0,2445.44,Sales,Pending
JNL-42045,2023-05-08,Asset,General,Receive small.,48731.09,0.0,Sales,Reconciled
JNL-26200,2023-11-18,Asset,General,Toward social.,0.0,47301.72,Operations,Reconciled
JNL-84044,2023-01-26,Expense,Travel,Dark true east.,3078.12,0.0,HR,Reconciled
JNL-88317,2023-06-24,Expense,Payroll,Too finish stop.,2142.48,0.0,Operations,Pending
JNL-49450,2023-09-01,Asset,General,Data base.,0.0,49087.78,IT,Reconciled
JNL-21638,2023-11-07,Revenue,Consulting,Feeling agency nearly mean.,0.0,543.33,Marketing,Reconciled
JNL-53193,2023-12-23,Revenue,Services,Next lose.,0.0,1531.96,IT,Reconciled
JNL-56999,2023-04-30,Asset,General,Truth ten trade.,36011.02,0.0,Marketing,Reconciled
JNL-96879,2023-03-10,Asset,General,Huge public just.,0.0,8412.52,Finance,Flagged
JNL-15646,2023-05-05,Revenue,Consulting,Local machine small data foreign.,0.0,4332.42,Finance,Reconciled
JNL-86170,2023-07-23,Expense,Rent,Nor end voice whose our.,1363.85,0.0,Marketing,Reconciled
JNL-38585,2023-05-19,Expense,Payroll,Tax send Mrs.,1138.69,0.0,Marketing,Reconciled
JNL-88575,2023-06-23,Asset,General,Within military agree outside.,0.0,7183.34,HR,Reconciled
JNL-24709,2023-03-18,Revenue,Services,Ok evening since I.,0.0,638.83,Marketing,Reconciled
JNL-48659,2023-12-02,Revenue,Services,Someone money.,0.0,1679.19,Finance,Reconciled
JNL-15472,2023-12-16,Expense,Travel,Ever use specific art soldier.,284.22,0.0,Marketing,Reconciled
JNL-71732,2023-06-16,Expense,Utilities,Technology big skill special.,382.51,0.0,HR,Pending
JNL-56489,2023-08-15,Revenue,Product Sales,Upon control authority job can.,0.0,498.72,IT,Reconciled
JNL-40388,2023-03-29,Expense,Utilities,Yes speech often compare American.,956.66,0.0,Marketing,Reconciled
JNL-91452,2023-05-17,Expense,Software,Hair where open phone certainly.,632.77,0.0,Sales,Reconciled
JNL-54135,2023-02-05,Expense,Utilities,Almost join.,300.03,0.0,IT,Reconciled
JNL-54442,2023-05-23,Revenue,Consulting,Hope he kid once suddenly.,0.0,348.11,Sales,Pending
JNL-39727,2023-05-19,Revenue,Services,Answer sure value beautiful.,0.0,9797.29,Sales,Reconciled
JNL-53118,2023-11-19,Expense,Marketing,Along enjoy much.,153.19,0.0,HR,Reconciled
JNL-77535,2023-10-15,Revenue,Consulting,Between long structure.,0.0,4350.98,Operations,Reconciled
JNL-23157,2023-10-30,Revenue,Product Sales,Huge dog experience future.,0.0,3859.21,Marketing,Reconciled
JNL-51955,2023-06-14,Liability,General,Security under throw stuff.,0.0,27348.21,Marketing,Reconciled
JNL-75128,2023-09-27,Expense,Payroll,Claim local street.,295.44,0.0,Operations,Reconciled
JNL-66541,2023-03-28,Expense,Utilities,Plant nothing spring.,348.41,0.0,Marketing,Reconciled
JNL-44682,2023-09-22,Expense,Utilities,Way product item.,891.73,0.0,Marketing,Reconciled
JNL-51870,2023-08-19,Liability,General,Development raise apply west.,2483.19,0.0,Sales,Reconciled
JNL-61804,2023-08-07,Revenue,Consulting,Mouth protect fine.,0.0,2565.05,Operations,Reconciled
JNL-97556,2023-03-14,Expense,Rent,Fly moment.,132.37,0.0,Operations,Reconciled
JNL-58011,2023-12-03,Liability,General,Whom cup listen surface language.,26178.4,0.0,HR,Reconciled
JNL-25391,2023-01-05,Expense,Utilities,Point case view later watch.,254.94,0.0,Operations,Pending
JNL-57153,2023-06-19,Revenue,Consulting,Other serious set father.,0.0,92.42,Finance,Flagged
JNL-49215,2023-06-04,Expense,Marketing,For run.,187.13,0.0,HR,Reconciled
JNL-56675,2023-12-08,Asset,General,Enter remain dark.,0.0,16352.66,IT,Reconciled
JNL-95047,2023-11-09,Expense,Travel,Present beat to though return.,377.73,0.0,HR,Flagged
JNL-20951,2023-05-05,Liability,General,Once blood prove population.,0.0,21994.28,Operations,Reconciled
JNL-15179,2023-11-21,Expense,Utilities,Very level raise but.,1586.51,0.0,Operations,Reconciled
JNL-39169,2023-12-03,Expense,Software,Structure threat manage morning.,566.13,0.0,Operations,Reconciled
JNL-49498,2023-12-29,Expense,Software,Read seek air religious partner.,1070.82,0.0,Operations,Reconciled
JNL-55683,2023-03-23,Revenue,Product Sales,Up hour fall country.,0.0,426.45,Finance,Pending
JNL-56003,2023-10-27,Expense,Utilities,Common arm top.,546.64,0.0,Marketing,Reconciled
JNL-91167,2023-08-10,Revenue,Subscriptions,Join recent institution pressure already.,0.0,2124.45,Finance,Reconciled
JNL-29763,2023-08-09,Expense,Utilities,Understand too yourself.,307.04,0.0,Finance,Reconciled
JNL-73157,2023-04-22,Expense,Rent,Another describe thousand.,217.62,0.0,Operations,Pending
JNL-60152,2023-02-14,Expense,Software,Say address look bad.,46.36,0.0,Operations,Pending
JNL-79332,2023-04-11,Revenue,Subscriptions,Budget draw country.,0.0,274.91,HR,Reconciled
JNL-76046,2023-04-06,Equity,General,Include structure say.,33419.99,0.0,Operations,Reconciled
JNL-94497,2023-08-04,Expense,Software,System wind throughout arm.,396.25,0.0,Marketing,Reconciled
JNL-53196,2023-12-06,Expense,Software,Avoid the.,723.15,0.0,Sales,Reconciled
JNL-59432,2023-07-15,Equity,General,Small order view example.,0.0,19584.66,Marketing,Pending
JNL-13123,2023-07-23,Liability,General,Himself class unit sign.,33114.81,0.0,Finance,Reconciled
JNL-70058,2023-12-30,Liability,General,Mrs individual water early.,24438.91,0.0,Operations,Reconciled
JNL-12463,2023-08-01,Expense,Software,Interesting tree detail safe test.,539.2,0.0,Marketing,Reconciled
JNL-92450,2023-05-10,Expense,Marketing,Right small.,339.82,0.0,Operations,Flagged
JNL-12678,2023-06-12,Expense,Marketing,State our teacher.,572.86,0.0,HR,Pending
JNL-90470,2023-09-12,Liability,General,Control point security measure.,0.0,28705.66,Sales,Reconciled
JNL-98391,2023-09-22,Expense,Utilities,Without during and face.,105.19,0.0,Marketing,Reconciled
JNL-65229,2023-09-17,Expense,Rent,Exist she strategy visit.,536.55,0.0,HR,Reconciled
JNL-24087,2023-01-15,Liability,General,Arm sort send actually.,0.0,25539.51,Operations,Pending
JNL-40784,2023-01-20,Expense,Marketing,Computer may hundred.,103.3,0.0,IT,Reconciled
JNL-73133,2023-10-06,Expense,Utilities,Tend exist several region page.,151.17,0.0,Marketing,Reconciled
JNL-35187,2023-03-22,Revenue,Product Sales,Trade including site.,0.0,940.83,Operations,Reconciled
JNL-83799,2023-02-15,Expense,Utilities,Base exist newspaper strong.,206.23,0.0,Marketing,Reconciled
JNL-28199,2023-09-18,Revenue,Product Sales,Arrive follow model.,0.0,1118.96,Finance,Reconciled
JNL-55076,2023-08-26,Revenue,Product Sales,Team recently war.,0.0,783.23,Finance,Reconciled
JNL-87626,2023-11-29,Revenue,Subscriptions,New real.,0.0,257.97,Marketing,Reconciled
JNL-42602,2023-11-26,Expense,Software,Mission manage sister test.,499.36,0.0,Finance,Pending
JNL-71830,2023-08-21,Expense,Software,Authority discover under.,190.2,0.0,Finance,Reconciled
JNL-12019,2023-08-10,Revenue,Consulting,Teach reveal scientist.,0.0,3672.45,IT,Reconciled
JNL-15357,2023-03-22,Liability,General,Interesting state work.,34271.37,0.0,Sales,Reconciled
JNL-67628,2023-03-28,Expense,Payroll,Support town project.,204.7,0.0,Operations,Reconciled
JNL-32362,2023-10-28,Revenue,Services,Individual word huge.,0.0,4753.49,HR,Reconciled
JNL-95645,2023-03-06,Asset,General,Analysis against floor.,0.0,21254.14,HR,Reconciled
JNL-16284,2023-06-07,Expense,Marketing,Run laugh degree.,273.97,0.0,Operations,Reconciled
JNL-70166,2023-02-14,Expense,Travel,Recently like bag.,275.78,0.0,Sales,Reconciled
JNL-46527,2023-12-03,Expense,Payroll,Eight environmental.,577.44,0.0,Operations,Reconciled
JNL-82584,2023-12-15,Expense,Travel,Maintain bill treatment story.,330.49,0.0,Sales,Pending
JNL-61331,2023-09-14,Revenue,Consulting,Production suffer rather court.,0.0,1066.51,HR,Flagged
JNL-82580,2023-12-02,Asset,General,During study yeah.,43998.95,0.0,Marketing,Pending
JNL-32392,2023-01-20,Liability,General,Thing common type enough human.,0.0,49253.04,HR,Reconciled
JNL-97661,2023-11-25,Expense,Software,Stage require administration party.,136.22,0.0,Finance,Reconciled
JNL-78109,2023-10-27,Revenue,Services,Range until.,0.0,1058.73,Operations,Flagged
JNL-26143,2023-03-17,Revenue,Consulting,Agent young number big.,0.0,1678.13,IT,Reconciled
JNL-34437,2023-09-24,Revenue,Services,Leg knowledge.,0.0,1026.67,Finance,Reconciled
JNL-30710,2023-12-27,Liability,General,Trade left.,0.0,44878.25,Finance,Reconciled
JNL-67652,2023-03-15,Revenue,Consulting,Property single audience.,0.0,939.88,Sales,Reconciled
JNL-91617,2023-12-12,Revenue,Services,Finally performance may.,0.0,369.42,Operations,Reconciled
JNL-73006,2023-07-19,Asset,General,Country cell account.,0.0,4717.33,Sales,Pending
JNL-57747,2023-02-18,Revenue,Services,Body southern.,0.0,499.13,Operations,Reconciled
JNL-57521,2023-11-08,Asset,General,Southern require wife garden.,32647.08,0.0,Sales,Reconciled
JNL-77666,2023-12-07,Expense,Marketing,Magazine suddenly everyone campaign teach.,3487.24,0.0,Finance,Pending
JNL-97848,2023-04-14,Revenue,Product Sales,Bit together north.,0.0,643.11,HR,Reconciled
JNL-70153,2023-06-12,Expense,Utilities,Administration there quality.,173.43,0.0,Marketing,Pending
JNL-51911,2023-01-08,Equity,General,Night view attack.,43972.54,0.0,HR,Reconciled
JNL-33995,2023-12-14,Liability,General,Treat general line white cell.,27391.94,0.0,Operations,Reconciled
JNL-37114,2023-04-09,Expense,Travel,Table music indicate.,142.54,0.0,Operations,Reconciled
JNL-30568,2023-08-17,Liability,General,Already last later thousand.,46987.98,0.0,Operations,Reconciled
JNL-45439,2023-09-04,Expense,Travel,On truth himself.,149.05,0.0,Marketing,Reconciled
JNL-43312,2023-01-24,Revenue,Services,Chair despite community nor.,0.0,728.25,Marketing,Reconciled
JNL-30756,2023-06-07,Expense,Payroll,Quality we employee win.,3066.82,0.0,Sales,Reconciled
JNL-19103,2023-03-21,Expense,Travel,Coach goal time.,1652.03,0.0,HR,Reconciled
JNL-28795,2023-07-04,Liability,General,Game reduce control would.,0.0,35981.78,Finance,Reconciled
JNL-50768,2023-06-27,Revenue,Product Sales,Record staff hot structure everybody.,0.0,1934.6,Operations,Reconciled
JNL-61248,2023-11-05,Asset,General,Couple tough wind heavy.,7178.32,0.0,Sales,Pending
JNL-88096,2023-09-24,Liability,General,Bank necessary position hair month.,0.0,8624.03,HR,Flagged
JNL-39148,2023-01-31,Expense,Marketing,They break open lot partner.,617.39,0.0,Marketing,Reconciled
JNL-10133,2023-07-17,Expense,Payroll,Edge spend what.,215.7,0.0,IT,Reconciled
JNL-48346,2023-04-24,Asset,General,Development short.,0.0,35811.16,Sales,Reconciled
JNL-25354,2023-03-13,Liability,General,Consumer already first.,0.0,37766.62,IT,Reconciled
JNL-77712,2023-06-09,Expense,Payroll,Radio deal inside edge.,407.11,0.0,Finance,Reconciled
JNL-33356,2023-08-15,Revenue,Product Sales,Then heart.,0.0,2660.26,Operations,Reconciled
JNL-11980,2023-11-20,Liability,General,Blue wish television water like.,5915.23,0.0,Sales,Reconciled
JNL-83907,2023-05-07,Asset,General,Individual dark lead.,26715.44,0.0,HR,Reconciled
JNL-91056,2023-07-05,Revenue,Subscriptions,What prove affect.,0.0,1518.64,HR,Reconciled
JNL-74601,2023-06-20,Revenue,Subscriptions,Talk two.,0.0,261.69,Operations,Reconciled
JNL-97882,2023-06-06,Revenue,Product Sales,Everybody feeling force blood.,0.0,199.92,Finance,Reconciled
JNL-70705,2023-02-04,Expense,Rent,Matter quickly generation need war.,172.25,0.0,Finance,Reconciled
JNL-24446,2023-06-12,Asset,General,Night or perform worker.,0.0,37267.36,Operations,Reconciled
JNL-24734,2023-09-12,Expense,Software,Reach cell.,469.26,0.0,Operations,Pending
JNL-40786,2023-11-08,Expense,Payroll,Coach seem figure.,1031.86,0.0,HR,Reconciled
JNL-80233,2023-02-01,Expense,Travel,Responsibility popular serve recent.,172.43,0.0,Operations,Reconciled
JNL-84811,2023-01-01,Revenue,Product Sales,Talk one necessary authority exactly.,0.0,1640.8,IT,Reconciled
JNL-70360,2023-08-22,Expense,Rent,Vote recent occur land five.,198.44,0.0,Sales,Pending
JNL-40429,2023-09-10,Revenue,Consulting,Among various hard education piece.,0.0,663.33,IT,Reconciled
JNL-47723,2023-01-25,Expense,Utilities,Agreement feel fly.,1656.8,0.0,Sales,Reconciled
JNL-80467,2023-02-03,Asset,General,Official future week.,0.0,24329.7,IT,Reconciled
JNL-56958,2023-08-22,Liability,General,Indicate speak street.,0.0,33338.2,Marketing,Pending
JNL-26153,2023-09-12,Revenue,Product Sales,Five myself.,0.0,281.77,Marketing,Reconciled
JNL-60370,2023-07-31,Revenue,Subscriptions,On speak voice.,0.0,3383.36,Finance,Reconciled
JNL-49134,2023-08-30,Asset,General,Health mean travel doctor.,3858.56,0.0,Finance,Pending
JNL-49586,2023-10-20,Expense,Rent,Structure sea.,3592.2,0.0,Finance,Reconciled
JNL-18080,2023-07-04,Liability,General,To throughout class second agency.,0.0,15766.38,Finance,Reconciled
JNL-12348,2023-03-16,Expense,Payroll,Letter TV itself including.,1504.54,0.0,Marketing,Reconciled
JNL-67011,2023-08-19,Expense,Rent,Economic cause.,197.26,0.0,IT,Flagged
JNL-11348,2023-12-29,Expense,Rent,Successful budget money.,466.98,0.0,Sales,Reconciled
JNL-98929,2023-10-26,Revenue,Subscriptions,Rise training maintain front trade.,0.0,1117.17,Operations,Reconciled
JNL-55190,2023-01-23,Expense,Rent,Manager throughout feel.,602.01,0.0,IT,Reconciled
JNL-29084,2023-09-26,Expense,Utilities,Cause explain away.,113.45,0.0,IT,Reconciled
JNL-43674,2023-12-06,Revenue,Product Sales,Always deal yet perform.,0.0,705.07,Sales,Reconciled
JNL-49981,2023-04-21,Expense,Software,Admit reach standard.,51.7,0.0,Finance,Reconciled
JNL-47843,2023-12-22,Revenue,Services,Chair character provide.,0.0,1170.76,Operations,Reconciled
JNL-44227,2023-11-15,Expense,Utilities,Right offer approach edge.,857.02,0.0,Operations,Reconciled
JNL-96658,2023-06-08,Revenue,Subscriptions,Affect blood hear particular.,0.0,135.64,Finance,Pending
JNL-69982,2023-07-13,Revenue,Consulting,Difficult training stage voice major.,0.0,2687.67,Marketing,Pending
JNL-90776,2023-03-06,Liability,General,Break far.,31412.76,0.0,Operations,Reconciled
JNL-92102,2023-12-26,Asset,General,Improve enter relationship stage.,0.0,2296.55,HR,Reconciled
JNL-47635,2023-09-02,Revenue,Product Sales,Degree subject pick some gas.,0.0,5766.52,Marketing,Reconciled
JNL-28513,2023-11-24,Expense,Travel,Car everyone place environmental.,113.72,0.0,HR,Reconciled
JNL-58712,2023-07-28,Expense,Utilities,Turn short them friend why.,147.69,0.0,Sales,Reconciled
JNL-31538,2023-06-01,Expense,Rent,Way your guess protect.,330.13,0.0,Operations,Reconciled
JNL-70089,2023-10-06,Revenue,Consulting,Wrong ago itself.,0.0,1401.39,HR,Reconciled
JNL-94263,2023-02-18,Asset,General,Effect maintain himself defense up.,24642.29,0.0,Finance,Reconciled
JNL-52253,2023-03-24,Expense,Payroll,Standard upon magazine vote.,524.37,0.0,Finance,Reconciled
JNL-38331,2023-03-17,Expense,Software,Water around.,199.83,0.0,HR,Reconciled
JNL-73399,2023-10-18,Expense,Travel,Never party exist house discuss.,3013.56,0.0,IT,Reconciled
JNL-51577,2023-02-08,Expense,Travel,Remain prevent program understand.,757.84,0.0,HR,Reconciled
JNL-30258,2023-07-25,Revenue,Subscriptions,Matter sound check forget.,0.0,5190.05,Marketing,Reconciled
JNL-87547,2023-10-09,Expense,Software,Whom well wrong really direction.,887.07,0.0,Marketing,Reconciled
JNL-83339,2023-06-17,Expense,Rent,Pick side need.,208.37,0.0,Finance,Reconciled
JNL-35323,2023-11-02,Expense,Payroll,My door suggest.,1586.53,0.0,Finance,Pending
JNL-97077,2023-01-19,Expense,Travel,Sport past sister history.,880.11,0.0,HR,Reconciled
JNL-84831,2023-04-19,Expense,Rent,Allow executive anything walk.,50.01,0.0,Operations,Reconciled
JNL-36167,2023-08-06,Revenue,Services,Raise someone moment total.,0.0,269.3,HR,Reconciled
JNL-63453,2023-09-09,Expense,Travel,Direction hour first.,455.59,0.0,Finance,Flagged
JNL-32875,2023-03-27,Asset,General,Relate word challenge continue increase.,2799.48,0.0,Operations,Flagged
JNL-52310,2023-09-12,Revenue,Consulting,May notice dark.,0.0,1527.23,IT,Reconciled
JNL-24010,2023-03-23,Expense,Payroll,Charge wear them project term.,116.69,0.0,Finance,Reconciled
JNL-51892,2023-07-29,Asset,General,Wrong teach run.,3619.88,0.0,Operations,Reconciled
JNL-21952,2023-10-18,Revenue,Product Sales,Go thank investment purpose live.,0.0,344.3,Operations,Reconciled
JNL-38559,2023-04-16,Revenue,Services,Late poor people.,0.0,351.02,Marketing,Pending
JNL-94370,2023-08-02,Revenue,Product Sales,Itself century both manage baby.,0.0,2376.53,IT,Pending
JNL-95261,2023-04-02,Expense,Marketing,Bar dream.,886.35,0.0,Sales,Pending
JNL-45250,2023-10-10,Asset,General,Go current under.,0.0,28657.42,Marketing,Reconciled
JNL-17441,2023-04-10,Liability,General,Suffer be officer international blood.,48580.0,0.0,HR,Reconciled
JNL-85242,2023-03-09,Expense,Marketing,Black provide reach.,230.43,0.0,Marketing,Reconciled
JNL-71408,2023-08-28,Revenue,Product Sales,Fast within.,0.0,623.06,Operations,Pending
JNL-94525,2023-03-04,Revenue,Services,Need physical.,0.0,536.14,Sales,Reconciled
JNL-82676,2023-03-15,Expense,Rent,Likely most student.,459.91,0.0,Finance,Reconciled
JNL-87078,2023-12-17,Revenue,Subscriptions,Along just market half plant.,0.0,527.4,Operations,Reconciled
JNL-18587,2023-06-21,Revenue,Consulting,Week prove production.,0.0,1152.12,IT,Reconciled
JNL-60077,2023-01-25,Revenue,Consulting,Over step.,0.0,1393.53,Sales,Flagged
JNL-77795,2023-08-07,Asset,General,Nation with actually.,48375.75,0.0,HR,Pending
JNL-72311,2023-10-24,Liability,General,Through memory section.,0.0,40574.79,IT,Reconciled
JNL-91673,2023-03-06,Expense,Rent,Suffer value away available.,245.26,0.0,Sales,Reconciled
JNL-29417,2023-05-21,Revenue,Product Sales,White whole discover.,0.0,2401.53,IT,Pending
JNL-68492,2023-09-30,Liability,General,Half art news respond.,45076.06,0.0,HR,Reconciled
JNL-17267,2023-10-23,Revenue,Consulting,Everything right half buy present.,0.0,4427.6,Operations,Reconciled
JNL-19830,2023-04-25,Equity,General,Travel then him.,20332.3,0.0,Finance,Pending
JNL-81989,2023-02-24,Expense,Rent,Factor yeah source.,4031.7,0.0,Finance,Reconciled
JNL-15377,2023-06-05,Expense,Marketing,Even news suggest ever.,600.64,0.0,Finance,Pending
JNL-11017,2023-12-30,Expense,Utilities,I media.,352.72,0.0,Operations,Reconciled
JNL-72073,2023-12-25,Expense,Travel,Notice discussion would.,309.63,0.0,Marketing,Reconciled
JNL-50223,2023-10-08,Revenue,Subscriptions,Concern meeting success.,0.0,635.41,Marketing,Reconciled
JNL-11516,2023-05-05,Liability,General,Something fill.,0.0,21092.05,Finance,Pending
JNL-64280,2023-04-03,Revenue,Subscriptions,Choose husband benefit.,0.0,454.55,Finance,Reconciled
JNL-93553,2023-01-05,Expense,Payroll,Hour window operation.,196.3,0.0,Finance,Reconciled
JNL-35599,2023-09-02,Asset,General,Recent clearly prepare.,6439.5,0.0,IT,Reconciled
JNL-23156,2023-12-03,Expense,Travel,Everyone project shake full.,367.87,0.0,Sales,Reconciled
JNL-32285,2023-09-20,Equity,General,Bed data.,47951.88,0.0,Finance,Reconciled
JNL-39742,2023-09-23,Revenue,Product Sales,Return stage room.,0.0,188.68,IT,Reconciled
JNL-14673,2023-01-08,Revenue,Services,Look anyone accept.,0.0,4879.01,Sales,Reconciled
JNL-75406,2023-05-03,Revenue,Subscriptions,Receive ability factor including.,0.0,13675.54,HR,Pending
JNL-41265,2023-10-15,Expense,Utilities,Cause recognize business beat.,5546.54,0.0,IT,Reconciled
JNL-62829,2023-05-20,Expense,Utilities,Hold something forward.,226.34,0.0,Operations,Reconciled
JNL-16269,2023-12-04,Revenue,Services,Boy everybody always believe type.,0.0,243.25,Sales,Reconciled
JNL-76323,2023-06-21,Revenue,Subscriptions,Billion tell red special.,0.0,6638.19,Marketing,Reconciled
JNL-45065,2023-04-17,Revenue,Subscriptions,Society culture body against clearly.,0.0,2369.12,Finance,Reconciled
JNL-62069,2023-07-19,Equity,General,Care sing although him lot.,0.0,1871.72,Operations,Reconciled
JNL-60523,2023-03-24,Expense,Travel,Weight center process how.,600.83,0.0,IT,Flagged
JNL-65586,2023-09-23,Revenue,Product Sales,Wait find inside.,0.0,4487.47,HR,Pending
JNL-94786,2023-08-18,Asset,General,Series become speak.,20641.42,0.0,Operations,Reconciled
JNL-76988,2023-06-24,Liability,General,Rock as article report.,0.0,41136.83,Marketing,Reconciled
JNL-24382,2023-08-01,Expense,Travel,Series gas positive a process.,1252.98,0.0,Sales,Reconciled
JNL-23505,2023-06-16,Expense,Utilities,Cost instead common.,447.34,0.0,Finance,Reconciled
JNL-73959,2023-02-28,Liability,General,Product country.,0.0,107.83,HR,Reconciled
JNL-77544,2023-03-03,Revenue,Product Sales,Task place figure.,0.0,1130.44,HR,Reconciled
JNL-51357,2023-03-31,Expense,Software,While pick education.,446.37,0.0,HR,Reconciled
JNL-85121,2023-04-12,Revenue,Services,Middle little now list ten.,0.0,2963.33,HR,Reconciled
JNL-66434,2023-03-07,Expense,Software,Thought discuss if whom read.,423.94,0.0,IT,Pending
JNL-27549,2023-05-05,Expense,Utilities,Morning there really.,234.01,0.0,HR,Reconciled
JNL-92598,2023-04-17,Revenue,Consulting,Imagine term this push.,0.0,307.0,HR,Reconciled
JNL-57056,2023-09-30,Expense,Marketing,Discussion full.,73.02,0.0,Finance,Pending
JNL-41362,2023-04-23,Expense,Travel,School mind away attorney.,754.38,0.0,Sales,Reconciled
JNL-44580,2023-03-19,Expense,Rent,Stay rule reach car.,684.02,0.0,HR,Reconciled
JNL-30340,2023-09-09,Expense,Utilities,History very.,467.03,0.0,Marketing,Pending
JNL-18131,2023-01-21,Expense,Marketing,Prove head part husband.,105.16,0.0,Finance,Reconciled
JNL-55357,2023-09-23,Revenue,Services,Development hair deal.,0.0,3335.59,HR,Flagged
JNL-13758,2023-03-15,Expense,Travel,Have night understand.,1578.79,0.0,Marketing,Reconciled
JNL-39543,2023-12-30,Equity,General,Body another.,0.0,6224.16,IT,Reconciled
JNL-27188,2023-12-06,Liability,General,Carry large doctor director.,46953.8,0.0,HR,Reconciled
JNL-78713,2023-12-15,Revenue,Services,He the.,0.0,99.21,Finance,Reconciled
JNL-72099,2023-12-21,Expense,Utilities,Like throw.,192.65,0.0,HR,Pending
JNL-68103,2023-04-05,Expense,Marketing,Head stop.,146.48,0.0,Operations,Reconciled
JNL-96426,2023-10-16,Expense,Software,Price watch suggest.,751.71,0.0,Sales,Reconciled
JNL-21372,2023-12-11,Expense,Software,Letter then affect because cover.,134.19,0.0,IT,Reconciled
JNL-54938,2023-02-24,Revenue,Services,Station answer population simple various.,0.0,170.69,Marketing,Pending
JNL-69866,2023-07-28,Liability,General,How professional from.,423.82,0.0,IT,Reconciled
JNL-67776,2023-07-14,Revenue,Consulting,Condition rock statement.,0.0,5975.12,Finance,Reconciled
JNL-18798,2023-03-18,Expense,Payroll,Other some.,521.72,0.0,Operations,Pending
JNL-81833,2023-05-05,Expense,Payroll,Car country program official mean.,841.66,0.0,Operations,Reconciled
JNL-80515,2023-12-13,Asset,General,Door face control explain improve.,6445.48,0.0,Operations,Reconciled
JNL-20076,2023-01-22,Liability,General,Best suddenly.,15796.47,0.0,Operations,Reconciled
JNL-75839,2023-10-22,Revenue,Consulting,Turn area detail run back.,0.0,430.55,Finance,Reconciled
JNL-43536,2023-05-01,Expense,Software,Listen think cultural conference teacher.,86.05,0.0,IT,Reconciled
JNL-55482,2023-12-19,Expense,Marketing,Line hair who matter.,1000.75,0.0,HR,Flagged
JNL-88251,2023-03-04,Expense,Travel,By shoulder.,391.04,0.0,Finance,Reconciled
JNL-24770,2023-07-30,Expense,Utilities,Fire recent.,336.79,0.0,Operations,Reconciled
JNL-68981,2023-09-06,Equity,General,Us dinner range apply public.,31932.13,0.0,Sales,Reconciled
JNL-92038,2023-08-28,Revenue,Services,Strong physical prevent his.,0.0,761.14,HR,Flagged
JNL-45256,2023-12-20,Equity,General,To available natural bank threat.,31768.6,0.0,Finance,Reconciled
JNL-46848,2023-10-11,Revenue,Product Sales,Couple night.,0.0,2524.87,HR,Flagged
JNL-28139,2023-04-02,Revenue,Subscriptions,Listen speech perform.,0.0,1064.58,HR,Reconciled
JNL-54860,2023-02-18,Asset,General,Sea wide simply dinner.,34361.76,0.0,Marketing,Pending
JNL-47577,2023-11-26,Revenue,Consulting,Tell how remember.,0.0,3611.62,Finance,Reconciled
JNL-25733,2023-07-17,Revenue,Product Sales,Build administration.,0.0,639.06,Operations,Pending
JNL-75094,2023-11-20,Liability,General,Career blue person military.,19546.64,0.0,IT,Reconciled
JNL-61778,2023-08-30,Liability,General,Those across away finally.,45708.78,0.0,Marketing,Reconciled
JNL-40219,2023-05-06,Liability,General,Agency challenge wait book cell.,0.0,12961.28,Marketing,Pending
JNL-39475,2023-04-26,Expense,Rent,Travel resource.,347.56,0.0,Sales,Reconciled
JNL-68011,2023-04-27,Expense,Travel,Subject goal woman enter here.,403.7,0.0,Finance,Reconciled
JNL-82037,2023-03-23,Expense,Payroll,Reach time reduce.,1032.4,0.0,Marketing,Reconciled
JNL-11597,2023-03-28,Revenue,Product Sales,Buy compare buy partner capital.,0.0,309.99,Finance,Reconciled
JNL-13288,2023-06-03,Revenue,Consulting,Employee author ten.,0.0,1173.51,HR,Reconciled
JNL-25468,2023-09-05,Expense,Payroll,Vote evening political.,1001.14,0.0,Sales,Reconciled
JNL-84507,2023-01-28,Expense,Software,Act part space.,2019.31,0.0,Sales,Reconciled
JNL-80303,2023-03-12,Expense,Marketing,Interview once investment.,172.61,0.0,Operations,Reconciled
JNL-12911,2023-03-10,Expense,Utilities,Rock quality board.,568.76,0.0,Sales,Reconciled
JNL-20051,2023-05-30,Expense,Travel,Growth save new.,1506.11,0.0,IT,Reconciled
JNL-47179,2023-07-12,Expense,Payroll,Guess idea large.,309.76,0.0,Finance,Pending
JNL-35103,2023-01-11,Expense,Software,Stock or.,360.81,0.0,Finance,Reconciled
JNL-80975,2023-10-19,Asset,General,Mean police base.,15832.37,0.0,Operations,Reconciled
JNL-22673,2023-06-12,Expense,Payroll,Police the food pick.,217.12,0.0,Sales,Reconciled
JNL-98880,2023-04-30,Asset,General,Story develop offer year.,928.65,0.0,IT,Reconciled
JNL-16698,2023-04-07,Revenue,Subscriptions,Debate this course.,0.0,199.41,Finance,Reconciled
JNL-20920,2023-11-29,Expense,Rent,Budget blue.,233.15,0.0,Finance,Reconciled
JNL-58762,2023-08-11,Revenue,Services,Partner box tonight hand.,0.0,278.21,Marketing,Reconciled
JNL-18691,2023-05-12,Asset,General,Area thing sport almost approach.,11093.26,0.0,IT,Reconciled
JNL-86731,2023-07-21,Expense,Payroll,Whom with hold.,422.59,0.0,IT,Reconciled
JNL-63203,2023-01-12,Asset,General,Million health time.,5005.05,0.0,Marketing,Reconciled
JNL-61452,2023-06-06,Expense,Marketing,Claim level.,389.91,0.0,HR,Reconciled
JNL-33668,2023-08-19,Asset,General,Sure yard example white.,11487.01,0.0,IT,Reconciled
JNL-44533,2023-07-03,Revenue,Product Sales,Exactly public notice.,0.0,724.21,Operations,Reconciled
JNL-47083,2023-09-04,Asset,General,Reveal respond address.,44730.23,0.0,IT,Reconciled
JNL-78501,2023-04-14,Expense,Marketing,Will above present.,85.18,0.0,IT,Reconciled
JNL-88420,2023-07-05,Revenue,Consulting,Professor economic ten body.,0.0,176.55,Operations,Reconciled
JNL-68876,2023-03-16,Revenue,Product Sales,Up fill.,0.0,308.93,HR,Reconciled
JNL-14932,2023-09-08,Expense,Payroll,Husband woman prevent whether.,3039.44,0.0,IT,Pending
JNL-13915,2023-08-11,Asset,General,Subject indeed plan bring especially.,0.0,15828.46,Sales,Reconciled
JNL-84728,2023-07-29,Revenue,Consulting,Campaign national.,0.0,1364.52,Sales,Reconciled
JNL-95719,2023-09-18,Revenue,Subscriptions,More blood account personal.,0.0,712.64,Finance,Reconciled
JNL-49209,2023-01-17,Expense,Travel,Oil building only.,2144.22,0.0,Finance,Pending
JNL-60066,2023-03-21,Expense,Rent,Less lawyer.,31.84,0.0,HR,Reconciled
JNL-72139,2023-09-30,Expense,Utilities,Rather relate service.,80.43,0.0,Marketing,Reconciled
JNL-20527,2023-10-19,Equity,General,Ask now push happen off.,0.0,37274.11,Finance,Reconciled
JNL-60956,2023-07-10,Liability,General,Leader call.,1828.25,0.0,Sales,Reconciled
JNL-58165,2023-07-08,Expense,Travel,Key film go eat.,385.98,0.0,IT,Reconciled
JNL-49354,2023-02-01,Revenue,Consulting,Might outside dream country.,0.0,305.73,Operations,Reconciled
JNL-75797,2023-06-02,Expense,Payroll,Skin open crime.,129.37,0.0,IT,Reconciled
JNL-59679,2023-07-01,Expense,Marketing,Hand material learn.,808.76,0.0,Marketing,Pending
JNL-18768,2023-09-03,Expense,Travel,Win until turn.,1359.16,0.0,IT,Reconciled
JNL-78514,2023-10-28,Revenue,Consulting,Difficult drug nature grow reveal.,0.0,264.15,Sales,Reconciled
JNL-96005,2023-06-20,Revenue,Services,Approach find simply bit evening.,0.0,658.31,Finance,Reconciled
JNL-71167,2023-04-12,Revenue,Services,Threat them fire black free.,0.0,1672.83,Finance,Reconciled
JNL-73692,2023-10-17,Revenue,Subscriptions,Close table improve success our.,0.0,14210.4,Marketing,Pending
JNL-76424,2023-01-15,Expense,Marketing,Camera old might material.,574.3,0.0,Operations,Reconciled
JNL-36816,2023-11-16,Revenue,Product Sales,Analysis material possible.,0.0,908.79,IT,Reconciled
JNL-31926,2023-08-13,Revenue,Subscriptions,Home door attorney.,0.0,1056.26,Finance,Reconciled
JNL-69879,2023-02-02,Liability,General,President magazine information.,0.0,18227.35,Marketing,Reconciled
JNL-67204,2023-10-10,Liability,General,Into hit reality.,0.0,40732.97,IT,Pending
JNL-63186,2023-03-13,Expense,Rent,Admit cut.,1086.64,0.0,IT,Reconciled
JNL-99026,2023-11-06,Expense,Payroll,Will office partner south black.,409.18,0.0,Sales,Reconciled
JNL-71264,2023-12-21,Expense,Marketing,Trip picture air.,2319.48,0.0,Marketing,Pending
JNL-18974,2023-02-01,Revenue,Subscriptions,Energy commercial study require.,0.0,1297.16,Sales,Reconciled
JNL-69996,2023-04-22,Expense,Payroll,Short rich throw beat general.,1489.22,0.0,IT,Pending
JNL-90005,2023-09-18,Expense,Rent,Travel character.,216.54,0.0,Finance,Pending
JNL-37362,2023-10-23,Revenue,Consulting,Budget example Congress answer black.,0.0,6262.92,Finance,Reconciled
JNL-85035,2023-03-24,Expense,Software,Religious small.,289.15,0.0,Finance,Reconciled
JNL-58069,2023-09-10,Expense,Payroll,Activity find marriage.,265.02,0.0,Operations,Pending
JNL-32298,2023-05-13,Revenue,Subscriptions,Baby million between.,0.0,20822.9,Marketing,Reconciled
JNL-76378,2023-01-27,Revenue,Subscriptions,Until guy.,0.0,1029.36,Finance,Reconciled
JNL-45248,2023-03-20,Expense,Travel,Human that letter short sell.,147.99,0.0,Marketing,Reconciled
JNL-51265,2023-10-03,Expense,Utilities,Simply travel produce.,153.58,0.0,HR,Pending
JNL-78645,2023-12-14,Revenue,Subscriptions,Opportunity provide so.,0.0,388.98,Marketing,Pending
JNL-45788,2023-01-14,Expense,Marketing,Six onto break.,490.92,0.0,Sales,Reconciled
JNL-39434,2023-03-12,Expense,Marketing,Run senior artist whether scientist.,197.94,0.0,Operations,Reconciled
JNL-48561,2023-09-11,Expense,Marketing,Road cold.,319.78,0.0,Sales,Reconciled
JNL-41284,2023-02-20,Revenue,Product Sales,Eat hot.,0.0,519.74,Marketing,Pending
JNL-88632,2023-07-21,Revenue,Product Sales,Property agency evidence day.,0.0,492.38,HR,Reconciled
JNL-66761,2023-06-07,Expense,Marketing,System area company arrive.,826.0,0.0,Operations,Reconciled
JNL-81930,2023-05-29,Expense,Software,Item phone resource thus contain.,782.96,0.0,Sales,Pending
JNL-60034,2023-11-27,Revenue,Product Sales,Generation old rather.,0.0,491.47,HR,Reconciled
JNL-25099,2023-03-14,Expense,Utilities,Ever remain several.,864.3,0.0,Sales,Reconciled
JNL-43872,2023-06-12,Expense,Travel,Pressure enter including can give.,1122.78,0.0,IT,Reconciled
JNL-38350,2023-12-29,Expense,Rent,Have pressure though.,232.24,0.0,Operations,Reconciled
JNL-38351,2023-07-15,Expense,Utilities,One free loss leave.,3324.76,0.0,Marketing,Reconciled
JNL-40338,2023-02-08,Revenue,Services,Great above partner.,0.0,581.65,Finance,Reconciled
JNL-11501,2023-10-17,Revenue,Subscriptions,Outside soldier expert throw.,0.0,6271.4,Marketing,Reconciled
JNL-87555,2023-04-13,Expense,Rent,Huge hour.,216.53,0.0,Finance,Pending
JNL-42606,2023-05-21,Asset,General,Budget can next.,0.0,30868.76,IT,Reconciled
JNL-11893,2023-11-05,Asset,General,Eight idea Democrat blue.,1819.31,0.0,Operations,Flagged
JNL-25723,2023-05-04,Expense,Payroll,Bed travel model.,624.53,0.0,HR,Reconciled
JNL-56473,2023-03-16,Expense,Rent,Structure on score long.,1050.93,0.0,Operations,Reconciled
JNL-19682,2023-01-25,Asset,General,Medical new manager.,0.0,24318.07,IT,Pending
JNL-70471,2023-07-22,Revenue,Product Sales,Firm range.,0.0,6225.43,IT,Pending
JNL-96571,2023-03-17,Asset,General,Resource stuff who office total.,0.0,20357.54,Operations,Reconciled
JNL-97352,2023-10-21,Liability,General,Happy show.,13627.51,0.0,Operations,Reconciled
JNL-70872,2023-03-08,Expense,Payroll,Character after successful.,202.1,0.0,Finance,Pending
JNL-39084,2023-08-17,Asset,General,Network have matter until.,0.0,10616.8,Operations,Reconciled
JNL-52484,2023-12-30,Equity,General,Record return.,0.0,4619.83,Operations,Pending
JNL-14948,2023-04-07,Asset,General,Pass not.,0.0,43660.22,HR,Reconciled
JNL-15430,2023-02-26,Expense,Rent,International mind budget then.,593.22,0.0,HR,Reconciled
JNL-78078,2023-03-28,Liability,General,History may.,44008.33,0.0,HR,Reconciled
JNL-53857,2023-01-18,Asset,General,Any blood more.,0.0,6078.69,Marketing,Reconciled
JNL-99490,2023-07-29,Revenue,Subscriptions,Every page.,0.0,365.98,Finance,Reconciled
JNL-54264,2023-06-08,Asset,General,Off know talk relationship.,735.96,0.0,Finance,Reconciled
JNL-17933,2023-08-27,Asset,General,Like interest morning.,0.0,17071.02,IT,Pending
JNL-63302,2023-02-14,Expense,Travel,Race watch exactly career.,113.28,0.0,Operations,Reconciled
JNL-22915,2023-07-26,Revenue,Subscriptions,Attack drop maybe allow friend.,0.0,711.71,IT,Reconciled
JNL-42524,2023-04-07,Expense,Marketing,Into break.,190.26,0.0,HR,Reconciled
JNL-24925,2023-05-23,Revenue,Product Sales,All floor Mrs court although.,0.0,318.32,IT,Reconciled
JNL-19265,2023-05-18,Expense,Marketing,Contain avoid road pull after.,59.16,0.0,HR,Reconciled
JNL-57333,2023-02-14,Revenue,Subscriptions,Election simply remember fill.,0.0,527.69,Operations,Reconciled
JNL-70348,2023-12-09,Asset,General,Outside add camera order.,1864.36,0.0,Finance,Reconciled
JNL-84544,2023-08-12,Expense,Rent,Similar tree on.,700.4,0.0,Sales,Reconciled
JNL-73770,2023-07-07,Revenue,Consulting,Do strategy since.,0.0,1381.12,IT,Reconciled
JNL-86951,2023-03-19,Revenue,Services,Add produce sit.,0.0,20452.74,IT,Reconciled
JNL-24749,2023-02-02,Revenue,Subscriptions,Consumer boy painting.,0.0,1130.79,Sales,Reconciled
JNL-20509,2023-02-06,Expense,Payroll,Near arm second phone.,306.06,0.0,Marketing,Reconciled
JNL-79947,2023-10-01,Expense,Software,Whatever difficult information.,180.62,0.0,IT,Reconciled
JNL-92258,2023-04-08,Asset,General,Unit participant.,41716.49,0.0,Marketing,Reconciled
JNL-78837,2023-04-18,Revenue,Subscriptions,Forward character born edge.,0.0,152.69,Finance,Reconciled
JNL-38602,2023-03-20,Expense,Software,Discussion move national draw general.,298.5,0.0,IT,Pending
JNL-16722,2023-02-16,Revenue,Product Sales,Involve its production record anyone.,0.0,3078.78,HR,Reconciled
JNL-67085,2023-05-26,Expense,Travel,Crime wear.,599.27,0.0,IT,Flagged
JNL-16634,2023-11-25,Expense,Software,Fine interesting watch control.,868.33,0.0,Finance,Reconciled
JNL-89322,2023-05-21,Asset,General,Hit idea.,28960.56,0.0,Operations,Reconciled
JNL-98356,2023-05-01,Expense,Software,Involve cut economy upon.,223.03,0.0,Operations,Reconciled
JNL-55252,2023-11-04,Liability,General,Speak car know evening.,0.0,42939.59,Sales,Reconciled
JNL-97379,2023-06-20,Expense,Marketing,Space large.,4031.78,0.0,HR,Reconciled
JNL-55796,2023-11-30,Revenue,Product Sales,Main chair realize time.,0.0,282.44,IT,Reconciled
JNL-39015,2023-03-09,Expense,Travel,Relationship gun.,655.66,0.0,Marketing,Reconciled
JNL-65392,2023-08-24,Revenue,Consulting,Teach toward beautiful industry.,0.0,537.53,Finance,Pending
JNL-61424,2023-06-21,Expense,Utilities,Herself case conference less.,1888.62,0.0,Marketing,Reconciled
JNL-34144,2023-06-20,Expense,Utilities,Whether no glass.,552.26,0.0,HR,Pending
JNL-96018,2023-04-15,Liability,General,Wall town middle admit.,0.0,12767.18,HR,Reconciled
JNL-40940,2023-02-21,Expense,Payroll,Especially kid weight agency marriage.,588.93,0.0,Operations,Reconciled
JNL-89256,2023-07-11,Expense,Utilities,Drug final.,825.25,0.0,Marketing,Reconciled
JNL-74054,2023-03-21,Liability,General,I chance customer us.,14121.64,0.0,IT,Pending
JNL-52893,2023-09-28,Liability,General,Know success staff bill.,25655.24,0.0,Sales,Pending
JNL-21772,2023-02-11,Expense,Payroll,Stage which board.,276.03,0.0,IT,Reconciled
JNL-60015,2023-12-08,Revenue,Product Sales,Might each radio add role.,0.0,345.55,Operations,Reconciled
JNL-17469,2023-10-05,Expense,Marketing,Poor go simple on.,554.51,0.0,Operations,Pending
JNL-84935,2023-11-22,Asset,General,Be wear money yet.,36715.9,0.0,Operations,Reconciled
JNL-55062,2023-01-29,Asset,General,Never forget story.,3394.54,0.0,Marketing,Reconciled
JNL-99336,2023-09-04,Expense,Rent,Feel kitchen smile note.,376.27,0.0,Finance,Reconciled
JNL-19974,2023-06-27,Expense,Software,Teacher money end.,104.41,0.0,Finance,Pending
JNL-66719,2023-01-28,Revenue,Services,Say growth modern.,0.0,1663.63,Operations,Reconciled
JNL-67583,2023-02-27,Revenue,Product Sales,Finally even type guess.,0.0,72.37,Operations,Pending
JNL-14301,2023-09-16,Liability,General,According allow PM city.,27605.15,0.0,Sales,Reconciled
JNL-75036,2023-05-08,Expense,Payroll,Here impact throw resource product.,807.68,0.0,Operations,Reconciled
JNL-31650,2023-11-30,Expense,Software,Mouth official tough season.,2949.93,0.0,Finance,Reconciled
JNL-51729,2023-03-11,Expense,Utilities,School place main rate.,429.86,0.0,IT,Reconciled
JNL-36731,2023-09-15,Asset,General,Day upon democratic American.,0.0,1445.64,Operations,Reconciled
JNL-94491,2023-12-30,Asset,General,Imagine on today.,14845.35,0.0,Sales,Flagged
JNL-15553,2023-03-06,Expense,Utilities,Take herself suffer.,193.54,0.0,Operations,Reconciled
JNL-63702,2023-12-28,Expense,Utilities,Doctor lead.,655.47,0.0,IT,Pending
JNL-34871,2023-04-26,Revenue,Subscriptions,Factor world.,0.0,6717.81,IT,Reconciled
JNL-36271,2023-07-12,Revenue,Consulting,Eight seven marriage business.,0.0,457.27,Finance,Reconciled
JNL-34769,2023-05-23,Liability,General,Yes might.,8102.1,0.0,Marketing,Reconciled
JNL-41878,2023-08-24,Liability,General,Amount find.,2104.23,0.0,Operations,Reconciled
JNL-76976,2023-12-27,Revenue,Subscriptions,Data majority may build within.,0.0,2248.36,IT,Reconciled
JNL-25830,2023-07-19,Revenue,Services,Recent class.,0.0,264.32,Operations,Reconciled
JNL-83057,2023-02-25,Expense,Utilities,Medical represent.,364.93,0.0,Finance,Reconciled
JNL-97138,2023-06-15,Liability,General,Too whatever customer toward.,34873.78,0.0,Finance,Reconciled
JNL-51546,2023-06-17,Equity,General,Themselves subject.,9554.45,0.0,Operations,Reconciled
JNL-67847,2023-01-01,Expense,Payroll,Reach within hand.,926.59,0.0,Operations,Reconciled
JNL-92982,2023-05-08,Expense,Utilities,Budget ground summer system.,256.44,0.0,Sales,Reconciled
JNL-32097,2023-05-04,Asset,General,Certain growth.,0.0,28222.54,Marketing,Reconciled
JNL-13257,2023-04-23,Expense,Marketing,Science school occur decade white.,72.6,0.0,Marketing,Reconciled
JNL-51613,2023-12-15,Revenue,Services,Necessary offer should attention throughout.,0.0,155.46,Operations,Reconciled
JNL-89775,2023-01-17,Revenue,Subscriptions,Key sport test sound and.,0.0,1197.69,IT,Flagged
JNL-39624,2023-08-27,Expense,Software,Seek me forget.,123.91,0.0,Operations,Reconciled
JNL-19100,2023-09-04,Equity,General,Market leader against.,0.0,36354.15,Marketing,Reconciled
JNL-76157,2023-08-11,Revenue,Subscriptions,Three quite.,0.0,2215.87,IT,Reconciled
JNL-54041,2023-06-12,Revenue,Product Sales,Open wife.,0.0,313.75,IT,Reconciled
JNL-35813,2023-09-13,Expense,Software,Energy free.,275.31,0.0,IT,Reconciled
JNL-73597,2023-05-19,Equity,General,On fight return.,46032.01,0.0,IT,Reconciled
JNL-77182,2023-02-26,Equity,General,Could these wonder there.,0.0,41613.28,Operations,Reconciled
JNL-18556,2023-12-21,Expense,Software,Hit than or specific pull.,243.05,0.0,Finance,Reconciled
JNL-40371,2023-07-27,Revenue,Consulting,Different house.,0.0,13294.63,Marketing,Pending
JNL-37437,2023-04-24,Revenue,Product Sales,Possible style set anything.,0.0,821.62,Operations,Reconciled
JNL-73115,2023-03-21,Revenue,Consulting,Ever that partner natural book.,0.0,775.27,HR,Reconciled
JNL-53569,2023-09-22,Expense,Software,Effect lead couple small go.,1973.29,0.0,Marketing,Reconciled
JNL-56290,2023-08-15,Expense,Utilities,Information value.,1957.92,0.0,IT,Reconciled
JNL-55704,2023-09-15,Revenue,Consulting,According source week enter.,0.0,201.41,Marketing,Reconciled
JNL-51998,2023-12-14,Liability,General,Young break month.,22574.47,0.0,HR,Reconciled
JNL-85256,2023-02-15,Expense,Rent,Against sense.,363.63,0.0,HR,Pending
JNL-23251,2023-08-23,Expense,Marketing,Reveal spring produce increase gas.,1243.98,0.0,IT,Reconciled
JNL-30560,2023-09-26,Revenue,Subscriptions,Perform traditional agent become.,0.0,2493.02,Operations,Reconciled
JNL-31912,2023-12-02,Expense,Software,Catch order.,155.4,0.0,Sales,Flagged
JNL-86848,2023-04-03,Expense,Software,Better best Mrs easy financial.,149.97,0.0,Sales,Reconciled
JNL-80746,2023-06-16,Revenue,Subscriptions,Modern people after.,0.0,688.26,IT,Reconciled
JNL-94521,2023-04-27,Revenue,Subscriptions,Finally commercial fear total tax.,0.0,2665.71,Finance,Reconciled
JNL-47893,2023-09-30,Expense,Software,Against magazine short.,632.09,0.0,Sales,Reconciled
JNL-83474,2023-05-07,Revenue,Subscriptions,Run five shoulder cost each.,0.0,3185.27,IT,Reconciled
JNL-42894,2023-04-19,Liability,General,Nothing old certain history.,0.0,42728.4,IT,Reconciled
JNL-80026,2023-03-22,Liability,General,Poor identify.,47809.29,0.0,IT,Reconciled
JNL-67580,2023-02-15,Liability,General,Scene education blue kitchen moment.,5690.98,0.0,Operations,Reconciled
JNL-25984,2023-01-29,Revenue,Product Sales,Remain education.,0.0,6492.2,HR,Reconciled
JNL-42960,2023-03-17,Revenue,Services,Few bed assume.,0.0,1281.32,Marketing,Reconciled
JNL-31061,2023-04-08,Liability,General,Must threat beyond.,49347.53,0.0,Marketing,Reconciled
JNL-93437,2023-01-15,Expense,Software,Care continue safe small.,239.43,0.0,Finance,Reconciled
JNL-83380,2023-08-06,Asset,General,Cold past out miss.,0.0,18017.93,HR,Reconciled
JNL-13852,2023-04-17,Liability,General,Traditional as candidate.,0.0,10768.31,HR,Reconciled
JNL-68540,2023-06-14,Revenue,Consulting,Purpose star.,0.0,262.21,HR,Reconciled
JNL-42951,2023-01-01,Expense,Marketing,Quite hotel kind think.,100.31,0.0,Sales,Reconciled
JNL-49332,2023-01-12,Expense,Utilities,Soldier large ok condition expert.,167.16,0.0,Finance,Reconciled
JNL-76655,2023-09-10,Asset,General,Probably option.,0.0,26010.91,Finance,Reconciled
JNL-47477,2023-04-04,Revenue,Subscriptions,Contain same whole according sort.,0.0,2687.75,IT,Reconciled
JNL-25033,2023-12-27,Expense,Travel,Enjoy turn commercial.,525.67,0.0,Sales,Flagged
JNL-86559,2023-04-29,Asset,General,Plan charge.,13678.42,0.0,Marketing,Reconciled
JNL-89655,2023-07-18,Expense,Marketing,Dinner rate although talk.,621.28,0.0,Sales,Flagged
JNL-35255,2023-06-22,Revenue,Subscriptions,Other half instead.,0.0,2481.73,Finance,Reconciled
JNL-43265,2023-05-20,Expense,Travel,Risk first.,1010.08,0.0,Operations,Reconciled
JNL-11492,2023-06-27,Expense,Marketing,Thus within well.,58.62,0.0,IT,Reconciled
JNL-56483,2023-08-03,Expense,Utilities,Former century although suggest them.,109.17,0.0,HR,Flagged
JNL-26756,2023-09-22,Asset,General,Decade suffer reality early save.,38945.16,0.0,Sales,Reconciled
JNL-86386,2023-11-27,Revenue,Consulting,Gas much parent pick.,0.0,168.45,HR,Reconciled
JNL-91279,2023-06-04,Expense,Rent,Sign exactly.,337.39,0.0,Sales,Reconciled
JNL-19845,2023-10-12,Revenue,Consulting,Once sign shoulder.,0.0,1249.0,Operations,Reconciled
JNL-19722,2023-02-08,Expense,Payroll,So address next.,163.65,0.0,HR,Reconciled
JNL-53601,2023-11-06,Expense,Marketing,Police produce seven pull suddenly.,305.34,0.0,HR,Reconciled
JNL-41339,2023-09-17,Expense,Travel,Fine into travel.,93.41,0.0,Marketing,Pending
JNL-70102,2023-05-09,Expense,Utilities,Church charge light set.,692.13,0.0,Operations,Reconciled
JNL-44031,2023-01-19,Expense,Payroll,Law peace section card.,275.29,0.0,Operations,Pending
JNL-63301,2023-02-16,Liability,General,Model pattern doctor marriage will.,0.0,17728.06,HR,Flagged
JNL-20726,2023-07-18,Liability,General,Tonight shake old.,24035.17,0.0,Finance,Reconciled
JNL-65251,2023-10-03,Equity,General,Kitchen model.,0.0,44102.91,IT,Reconciled
JNL-49992,2023-05-04,Expense,Utilities,General race six standard.,882.35,0.0,Operations,Reconciled
JNL-66041,2023-02-03,Expense,Marketing,Throw learn of.,126.04,0.0,Operations,Reconciled
JNL-95096,2023-04-19,Expense,Marketing,Crime modern.,385.52,0.0,Marketing,Flagged
JNL-72568,2023-07-16,Revenue,Product Sales,Bring word nor commercial team.,0.0,78.34,Operations,Reconciled
JNL-24148,2023-02-08,Revenue,Services,Address media church effect also.,0.0,1315.17,Finance,Pending
JNL-80202,2023-10-08,Revenue,Subscriptions,Bag magazine of.,0.0,720.11,Marketing,Pending
JNL-83444,2023-04-08,Expense,Utilities,Cost issue per total.,381.34,0.0,Marketing,Reconciled
JNL-70040,2023-08-12,Revenue,Consulting,His beyond bit have.,0.0,695.89,Sales,Reconciled
JNL-83942,2023-02-26,Liability,General,Decide lose board.,20059.23,0.0,Operations,Flagged
JNL-70047,2023-03-10,Expense,Payroll,Recent real.,251.2,0.0,HR,Reconciled
JNL-49974,2023-05-29,Liability,General,Live outside character over.,1683.16,0.0,Finance,Reconciled
JNL-52447,2023-04-02,Revenue,Subscriptions,Season turn trouble tend.,0.0,7418.88,Operations,Reconciled
JNL-14472,2023-01-23,Revenue,Services,Magazine traditional.,0.0,442.76,Operations,Reconciled
JNL-41019,2023-11-30,Revenue,Consulting,Citizen PM wonder company specific.,0.0,1699.02,Sales,Reconciled
JNL-63990,2023-01-09,Revenue,Services,This far girl spend.,0.0,2479.4,Finance,Reconciled
JNL-46804,2023-04-23,Expense,Rent,Respond through worker.,201.56,0.0,Operations,Reconciled
JNL-12712,2023-07-14,Expense,Utilities,Lot marriage eight.,346.76,0.0,IT,Reconciled
JNL-96844,2023-04-03,Expense,Payroll,Bring purpose common area reality.,491.26,0.0,HR,Reconciled
JNL-35998,2023-06-09,Asset,General,Born occur compare.,21187.1,0.0,Sales,Reconciled
JNL-29670,2023-07-12,Asset,General,Difficult arrive.,24499.88,0.0,Sales,Reconciled
JNL-76650,2023-05-25,Revenue,Product Sales,Plant close cover.,0.0,239.14,HR,Reconciled
JNL-11942,2023-10-09,Revenue,Consulting,Pretty but fish tell.,0.0,461.15,Sales,Reconciled
JNL-78040,2023-03-26,Liability,General,Keep husband.,38894.38,0.0,Finance,Reconciled
JNL-50262,2023-04-07,Expense,Marketing,Everyone alone need offer.,842.84,0.0,IT,Reconciled
JNL-11092,2023-09-01,Asset,General,Determine detail matter amount.,0.0,27457.97,Finance,Reconciled
JNL-16070,2023-07-29,Expense,Payroll,Action perhaps point mind.,307.98,0.0,Sales,Reconciled
JNL-33341,2023-09-16,Liability,General,Past seat agree world people.,0.0,6049.75,Operations,Reconciled
JNL-40559,2023-10-16,Expense,Travel,Write fine able could.,433.66,0.0,Sales,Reconciled
JNL-32497,2023-06-23,Revenue,Services,Threat fill past.,0.0,364.23,IT,Reconciled
JNL-82637,2023-09-30,Expense,Software,Others scientist property.,204.05,0.0,HR,Reconciled
JNL-77817,2023-02-02,Expense,Rent,Watch anyone century writer garden.,170.75,0.0,IT,Pending
JNL-36625,2023-06-06,Asset,General,Evidence black word peace record.,0.0,24705.34,IT,Reconciled
JNL-97459,2023-10-05,Asset,General,Sign then develop skin big.,0.0,38376.36,Operations,Reconciled
JNL-38207,2023-07-03,Expense,Utilities,Help phone boy.,67.57,0.0,Marketing,Reconciled
JNL-12110,2023-10-01,Asset,General,Mind traditional next.,0.0,13099.33,Operations,Reconciled
JNL-46349,2023-06-21,Revenue,Services,Support discussion view shoulder each.,0.0,342.4,Sales,Reconciled
JNL-82893,2023-02-09,Expense,Marketing,None standard treatment sit.,101.88,0.0,HR,Reconciled
JNL-70849,2023-12-03,Expense,Rent,Act always poor fund.,70.54,0.0,Finance,Reconciled
JNL-78360,2023-06-07,Revenue,Services,Wonder rock point.,0.0,6196.67,HR,Reconciled
JNL-86739,2023-07-17,Revenue,Subscriptions,Position gas every ten.,0.0,178.12,IT,Reconciled
JNL-40669,2023-05-24,Revenue,Product Sales,Responsibility response.,0.0,158.39,IT,Reconciled
JNL-68569,2023-02-27,Expense,Payroll,Political yourself program degree officer.,1259.69,0.0,HR,Pending
JNL-64332,2023-11-11,Expense,Utilities,Customer risk fact them right.,195.23,0.0,Operations,Pending
JNL-90897,2023-03-15,Equity,General,Production up.,0.0,29140.23,Finance,Pending
JNL-11129,2023-07-22,Revenue,Services,Street yet.,0.0,92.8,HR,Pending
JNL-46197,2023-08-03,Expense,Marketing,Senior work total reason as.,662.02,0.0,IT,Reconciled
JNL-71044,2023-02-23,Asset,General,Citizen check most consumer.,0.0,18501.62,HR,Reconciled
JNL-19888,2023-08-05,Equity,General,Really himself nor.,25017.52,0.0,HR,Pending
JNL-13406,2023-07-26,Liability,General,Gun two perhaps window need.,0.0,3051.28,IT,Reconciled
JNL-31219,2023-06-23,Equity,General,Top medical head room quickly.,3445.15,0.0,IT,Reconciled
JNL-41174,2023-10-27,Revenue,Consulting,Me place much firm blood.,0.0,5804.08,IT,Reconciled
JNL-50365,2023-08-04,Expense,Marketing,Ball shoulder.,392.39,0.0,Marketing,Reconciled
JNL-71554,2023-08-10,Revenue,Consulting,Field show listen no.,0.0,2859.97,HR,Flagged
JNL-10049,2023-02-10,Expense,Utilities,Happy since try billion.,1324.75,0.0,HR,Reconciled
JNL-57854,2023-03-03,Liability,General,More send professional certainly eight.,0.0,42378.98,HR,Reconciled
JNL-44562,2023-08-24,Expense,Utilities,People any attorney.,1070.23,0.0,HR,Reconciled
JNL-61711,2023-02-23,Revenue,Services,Management ever short.,0.0,5313.01,HR,Pending
JNL-91084,2023-01-15,Revenue,Product Sales,Brother television bit.,0.0,199.59,Operations,Reconciled
JNL-33925,2023-01-05,Expense,Software,Hand four quickly determine.,29.75,0.0,HR,Reconciled
JNL-25453,2023-07-21,Revenue,Product Sales,Easy along cold start trade.,0.0,211.54,Sales,Reconciled
JNL-74566,2023-07-31,Liability,General,Act project law.,0.0,26094.24,Sales,Reconciled
JNL-31572,2023-02-01,Revenue,Consulting,Girl full need individual.,0.0,1927.91,HR,Reconciled
JNL-96109,2023-01-15,Revenue,Consulting,Forget region same size.,0.0,432.79,HR,Reconciled
JNL-73364,2023-03-28,Expense,Payroll,Memory support.,156.2,0.0,Marketing,Pending
JNL-64466,2023-03-30,Liability,General,Not plan glass.,19858.98,0.0,Finance,Reconciled
JNL-75795,2023-10-08,Expense,Travel,North weight pass will.,1675.37,0.0,Operations,Reconciled
JNL-66147,2023-12-28,Equity,General,Black seven wife.,0.0,29134.82,Finance,Reconciled
JNL-31632,2023-12-27,Expense,Rent,Manager record create east card.,317.74,0.0,Finance,Reconciled
JNL-91235,2023-09-08,Expense,Payroll,Young specific contain.,129.55,0.0,IT,Reconciled
JNL-40026,2023-04-25,Expense,Utilities,Represent operation he.,212.2,0.0,Operations,Reconciled
JNL-79474,2023-06-28,Expense,Payroll,Yeah act TV point far.,288.37,0.0,HR,Flagged
JNL-19273,2023-09-07,Revenue,Services,Day no without affect little.,0.0,762.85,Operations,Reconciled
JNL-72558,2023-04-25,Liability,General,Make draw inside.,14117.5,0.0,Sales,Reconciled
JNL-82171,2023-07-12,Expense,Software,Your huge.,1039.64,0.0,Marketing,Reconciled
JNL-66206,2023-02-26,Revenue,Consulting,Despite provide former measure.,0.0,677.74,Sales,Pending
JNL-26703,2023-07-12,Revenue,Product Sales,Civil write.,0.0,799.53,Sales,Reconciled
JNL-24435,2023-01-07,Expense,Travel,Thousand red.,3985.65,0.0,HR,Reconciled
JNL-98952,2023-08-11,Expense,Rent,Fight try.,96.76,0.0,Sales,Pending
JNL-24838,2023-10-17,Expense,Travel,Month cost arm between.,405.34,0.0,Finance,Reconciled
JNL-20012,2023-04-12,Liability,General,Color new eat source.,0.0,32285.2,IT,Reconciled
JNL-74444,2023-10-27,Asset,General,Election meet long traditional opportunity.,0.0,34182.46,Operations,Reconciled
JNL-45930,2023-12-14,Expense,Utilities,Concern no network.,713.02,0.0,Sales,Pending
JNL-98487,2023-01-21,Asset,General,Range amount brother more church.,34291.13,0.0,Finance,Flagged
JNL-74201,2023-11-30,Equity,General,Former improve.,0.0,12735.27,Sales,Reconciled
JNL-22740,2023-05-29,Expense,Travel,Through form final kind information.,1504.69,0.0,Sales,Reconciled
JNL-96688,2023-06-11,Expense,Software,Why trial reach control drop.,1218.64,0.0,Operations,Reconciled
JNL-14595,2023-04-18,Revenue,Consulting,Identify produce different everybody.,0.0,120.85,HR,Reconciled
JNL-15275,2023-08-08,Expense,Marketing,Ready force.,112.61,0.0,HR,Reconciled
JNL-80974,2023-12-17,Liability,General,Whole tend.,44902.63,0.0,Sales,Pending
JNL-11382,2023-09-12,Revenue,Product Sales,Remember increase article.,0.0,331.65,Marketing,Pending
JNL-49130,2023-04-13,Revenue,Consulting,Senior exactly clearly news ball.,0.0,65.58,IT,Pending
JNL-46182,2023-08-31,Equity,General,Bar worry show couple.,0.0,46456.33,Finance,Reconciled
JNL-26855,2023-05-02,Expense,Software,Brother follow high reflect.,598.89,0.0,Finance,Reconciled
JNL-35954,2023-09-27,Liability,General,National sea rich office.,21795.36,0.0,Marketing,Reconciled
JNL-89545,2023-10-08,Expense,Travel,Less model deep.,1203.32,0.0,IT,Pending
JNL-53683,2023-07-30,Revenue,Consulting,Traditional ground billion individual.,0.0,281.64,Marketing,Pending
JNL-43054,2023-08-20,Expense,Travel,Water kid blue particularly.,66.77,0.0,Operations,Pending
JNL-68410,2023-03-05,Expense,Travel,Team food same.,621.33,0.0,IT,Flagged
JNL-61403,2023-01-24,Expense,Travel,Expect ever work recognize never.,476.25,0.0,Operations,Pending
JNL-54561,2023-12-24,Revenue,Product Sales,Last almost along while table.,0.0,802.51,IT,Flagged
JNL-46570,2023-03-01,Expense,Software,Movie win image wall.,417.19,0.0,IT,Reconciled
JNL-62963,2023-10-23,Expense,Travel,College economy security.,184.75,0.0,Sales,Pending
JNL-61921,2023-05-04,Expense,Marketing,Alone then leader.,748.04,0.0,HR,Reconciled
JNL-82460,2023-12-10,Asset,General,Whatever billion point.,0.0,17970.3,Finance,Reconciled
JNL-13019,2023-04-24,Expense,Marketing,Bank idea hair.,351.43,0.0,Sales,Pending
JNL-30712,2023-06-26,Expense,Travel,Any event exactly.,79.13,0.0,Operations,Reconciled
JNL-36203,2023-07-28,Liability,General,Authority after him audience.,0.0,47955.53,Operations,Reconciled
JNL-93893,2023-09-28,Revenue,Subscriptions,Writer Democrat or.,0.0,1094.16,Finance,Pending
JNL-53097,2023-10-20,Revenue,Services,Year science.,0.0,10510.06,HR,Reconciled
JNL-49496,2023-04-16,Expense,Utilities,Right whom while exist.,114.52,0.0,Sales,Reconciled
JNL-87219,2023-04-11,Expense,Software,Happen reason recent.,584.2,0.0,Sales,Reconciled
JNL-66771,2023-06-27,Revenue,Product Sales,Degree hotel big.,0.0,389.18,Marketing,Reconciled
JNL-62103,2023-08-04,Asset,General,Nature expect within.,0.0,32071.65,IT,Reconciled
JNL-40193,2023-06-28,Revenue,Services,Worry increase.,0.0,1304.45,IT,Reconciled
JNL-74535,2023-03-02,Expense,Software,Travel treat amount despite.,294.52,0.0,IT,Reconciled
JNL-27389,2023-07-05,Expense,Marketing,Where try significant.,3199.64,0.0,Marketing,Reconciled
JNL-90753,2023-12-03,Expense,Marketing,American may also minute begin.,2000.4,0.0,Marketing,Reconciled
JNL-29878,2023-06-03,Expense,Payroll,World article identify.,211.69,0.0,HR,Reconciled
JNL-75731,2023-07-26,Revenue,Product Sales,Result continue college forget however.,0.0,2847.28,IT,Reconciled
JNL-15201,2023-07-02,Revenue,Services,End box fill.,0.0,208.47,Sales,Reconciled
JNL-64621,2023-03-12,Expense,Rent,Open wait.,1659.15,0.0,IT,Reconciled
JNL-71111,2023-06-08,Liability,General,Enter notice significant three minute.,18250.68,0.0,Operations,Reconciled
JNL-42371,2023-05-28,Revenue,Services,Writer easy offer.,0.0,839.3,Marketing,Reconciled
JNL-61732,2023-10-17,Expense,Marketing,Election must.,142.52,0.0,Marketing,Reconciled
JNL-83116,2023-08-06,Expense,Software,Alone policy may success.,329.27,0.0,Operations,Reconciled
JNL-23978,2023-01-25,Equity,General,Although white.,37670.31,0.0,IT,Reconciled
JNL-21608,2023-03-09,Revenue,Product Sales,Hit general yes certain.,0.0,7494.06,Operations,Reconciled
JNL-32071,2023-01-05,Expense,Software,Many conference.,368.32,0.0,Marketing,Reconciled
JNL-90882,2023-07-01,Asset,General,Born save both east collection.,0.0,7532.12,HR,Reconciled
JNL-49115,2023-09-27,Equity,General,Develop maybe political under.,0.0,45006.26,Finance,Reconciled
JNL-60137,2023-11-14,Liability,General,Machine stock power bit sound.,0.0,9307.37,Finance,Reconciled
JNL-34688,2023-11-01,Expense,Marketing,Against believe project.,110.26,0.0,Sales,Reconciled
JNL-81256,2023-03-24,Revenue,Subscriptions,Memory instead defense well main.,0.0,2643.29,Marketing,Reconciled
JNL-22923,2023-02-05,Liability,General,Street wall.,0.0,30882.5,Sales,Reconciled
JNL-38638,2023-01-21,Expense,Travel,Recent prepare seven world statement.,249.69,0.0,IT,Reconciled
JNL-75508,2023-12-03,Expense,Payroll,When point effort.,544.09,0.0,HR,Pending
JNL-94106,2023-10-28,Revenue,Consulting,Summer factor civil.,0.0,1672.22,IT,Reconciled
JNL-91188,2023-11-16,Revenue,Product Sales,Both institution mind simple.,0.0,1249.15,Sales,Reconciled
JNL-50663,2023-02-26,Expense,Rent,Tonight letter claim.,396.59,0.0,HR,Pending
JNL-89572,2023-10-28,Asset,General,Organization sure note.,42265.38,0.0,IT,Pending
JNL-69637,2023-10-20,Expense,Marketing,Why together campaign spring.,2228.68,0.0,HR,Pending
JNL-39776,2023-02-09,Equity,General,Free who affect charge task.,7598.25,0.0,HR,Pending
JNL-51034,2023-09-26,Revenue,Services,Gun tell long gas site.,0.0,736.75,Operations,Reconciled
JNL-79413,2023-02-08,Equity,General,American learn know city.,0.0,17643.91,Sales,Reconciled
JNL-26616,2023-11-01,Expense,Payroll,Religious bit ago last student.,324.51,0.0,Finance,Reconciled
JNL-92867,2023-10-30,Expense,Marketing,Most serious quality.,3423.5,0.0,IT,Reconciled
JNL-72854,2023-07-05,Liability,General,Including power.,0.0,39820.13,IT,Reconciled
JNL-34686,2023-01-24,Expense,Payroll,Enough much.,598.09,0.0,Sales,Reconciled
JNL-83582,2023-12-28,Asset,General,Two forget million walk.,31304.17,0.0,Sales,Reconciled
JNL-65786,2023-06-19,Liability,General,Time before act.,36671.13,0.0,IT,Reconciled
JNL-21186,2023-05-21,Revenue,Services,Few thus report conference.,0.0,7768.04,IT,Pending
JNL-77940,2023-11-06,Equity,General,Mention wall box.,0.0,46493.96,HR,Reconciled
JNL-18579,2023-03-27,Expense,Software,System pull reality both.,866.5,0.0,Marketing,Pending
JNL-85539,2023-12-17,Expense,Payroll,Door local listen nothing.,273.47,0.0,Marketing,Reconciled
JNL-60365,2023-11-24,Expense,Software,Seven ok social.,816.64,0.0,HR,Reconciled
JNL-90160,2023-12-09,Asset,General,Now accept art.,0.0,48107.02,IT,Pending
JNL-41457,2023-10-19,Expense,Marketing,Guess his open.,387.26,0.0,HR,Reconciled
JNL-34847,2023-01-02,Revenue,Services,Contain family husband.,0.0,1688.42,IT,Reconciled
JNL-62549,2023-05-11,Asset,General,Movie area key eat easy.,48328.51,0.0,HR,Reconciled
JNL-90209,2023-02-09,Expense,Software,Quality radio fear.,143.58,0.0,Marketing,Reconciled
JNL-92497,2023-10-22,Expense,Travel,And anything than.,209.2,0.0,IT,Reconciled
