SKU,ProductName,Location,CurrentStock,ReorderPoint,MaxCapacity,Status,UnitWeight_kg,Supplier,LastRestockDate
SKU-04275176,Right-sized modular portal,C2,836,114,894,In Stock,12.11,Palmer PLC,2026-01-27
SKU-98662012,Decentralized homogeneous collaboration,D1,657,141,1512,In Stock,30.65,Martin Group,2026-01-03
SKU-69849268,Cloned actuating paradigm,A2,895,173,1738,In Stock,2.94,Lopez Inc,2026-01-07
SKU-44189198,Streamlined solution-oriented service-desk,C2,885,182,1613,In Stock,8.53,Davis PLC,2026-02-04
SKU-55872218,Vision-oriented foreground application,A1,32,110,105,Low Stock,48.58,"Adams, Chandler and Powers",2025-12-28
SKU-81475605,Phased intangible portal,Bulk,948,170,1777,In Stock,7.07,Howard Ltd,2025-12-30
SKU-29418671,Reverse-engineered 5thgeneration circuit,B2,616,53,1537,In Stock,21.11,Rodriguez Inc,2026-01-03
SKU-05187478,Mandatory human-resource array,B2,118,71,816,In Stock,48.17,"Johnson, Robbins and Abbott",2026-01-30
SKU-39649966,Inverse hybrid hardware,B1,573,149,1003,In Stock,7.76,Lopez and Sons,2026-01-09
SKU-03435335,Networked human-resource definition,D1,146,73,938,In Stock,46.11,Ellis Inc,2025-12-31
SKU-00898881,Customizable optimal hardware,D1,381,137,1488,In Stock,49.68,Robinson-Cole,2026-01-28
SKU-23013193,Secured intangible customer loyalty,C2,40,176,1859,Low Stock,38.82,Coleman-Smith,2026-01-27
SKU-15548283,Re-engineered coherent solution,D1,198,194,773,In Stock,21.88,Gonzalez Inc,2025-12-30
SKU-47417526,Intuitive directional access,A2,412,81,1441,In Stock,10.04,"Clark, Waller and Hernandez",2026-02-15
SKU-74774876,Reactive reciprocal interface,C1,704,101,1390,In Stock,15.05,"Hamilton, Ochoa and Jones",2026-02-19
SKU-29011339,Exclusive reciprocal utilization,C2,255,137,1559,In Stock,37.27,"Patrick, Brown and Jackson",2026-02-04
SKU-64157740,Proactive client-driven budgetary management,D1,151,141,942,In Stock,34.79,Howard-Diaz,2026-01-28
SKU-75433727,Multi-layered exuding Internet solution,C1,472,158,941,In Stock,29.76,Clayton LLC,2026-02-11
SKU-02422329,Enhanced system-worthy project,B1,86,74,888,In Transit,24.12,"Romero, Joseph and Lopez",2026-02-08
SKU-68241858,Devolved bi-directional Internet solution,B1,355,131,1218,In Stock,46.16,Mason-Andersen,2025-12-31
SKU-29860692,Organic responsive knowledgebase,A1,603,198,958,In Stock,37.02,"Ruiz, Wong and Rodriguez",2026-02-07
SKU-71413716,Synergized systematic moratorium,B2,300,161,1486,In Stock,12.83,Mendoza-Clements,2026-01-25
SKU-01450187,Inverse contextually-based adapter,B1,201,181,954,In Stock,24.56,"Kelly, Nguyen and Martinez",2026-02-05
SKU-00131391,Extended dynamic analyzer,C2,885,156,1585,In Stock,39.02,Williams-Rodriguez,2026-01-20
SKU-01983449,Object-based real-time contingency,C2,222,162,462,In Stock,38.53,Garrett LLC,2026-02-07
SKU-96657591,User-centric demand-driven intranet,A1,262,145,1907,In Stock,23.01,Fields-Bartlett,2025-12-23
SKU-82709211,Compatible leadingedge archive,A2,407,179,523,In Stock,22.94,Garcia-Smith,2026-01-15
SKU-88637037,Intuitive high-level benchmark,A1,774,177,881,In Stock,12.17,Miller-Smith,2026-02-10
SKU-91160133,User-centric stable benchmark,Bulk,151,78,1078,In Stock,48.47,"Peters, Jordan and Hicks",2025-12-24
SKU-59554684,Ameliorated leadingedge success,B1,155,100,1057,In Stock,3.11,"Davis, Salazar and Brown",2026-02-01
SKU-44840570,Integrated 5thgeneration capability,C1,521,120,775,In Stock,36.46,"Sanders, Patton and Webster",2025-12-29
SKU-50381654,Multi-lateral non-volatile knowledge user,B2,340,157,1823,In Stock,29.86,Nielsen-Simpson,2026-02-08
SKU-21766725,Face-to-face static policy,A2,184,64,1815,In Stock,16.87,"Adams, Snyder and Russell",2026-01-21
SKU-54198876,Versatile neutral matrices,B1,160,174,1351,Low Stock,16.66,"Scott, Rivas and Robles",2026-01-28
SKU-60002433,User-friendly grid-enabled process improvement,C1,92,108,1484,Low Stock,39.02,"Flores, Holmes and Hunt",2026-01-31
SKU-90438547,Seamless uniform strategy,B1,397,166,1502,In Stock,15.28,Cunningham PLC,2026-01-07
SKU-04217541,Digitized solution-oriented emulation,A2,86,66,1163,In Stock,11.43,Maldonado Inc,2026-01-16
SKU-42978022,Cross-group homogeneous framework,D1,985,107,1678,In Stock,35.77,"Moran, Harper and Rose",2026-01-25
SKU-15975171,Reverse-engineered asymmetric system engine,A1,920,165,1893,In Stock,48.14,Moore Group,2026-01-31
SKU-45406270,Right-sized tangible solution,C1,896,149,1995,In Stock,33.49,"Stark, Duarte and Knight",2026-01-24
SKU-59023258,Cross-group uniform moratorium,A1,66,145,1133,Low Stock,29.04,Bush-Smith,2026-01-23
SKU-48233682,Reverse-engineered multi-state implementation,A2,303,57,1335,In Stock,22.13,Perez-Allen,2026-01-13
SKU-71451756,Decentralized homogeneous analyzer,C1,133,163,230,Low Stock,29.53,Roberts LLC,2026-01-11
SKU-40690957,Centralized 5thgeneration leverage,A2,40,115,580,Low Stock,25.17,Conley-Young,2026-01-03
SKU-09651838,Decentralized even-keeled workforce,B2,56,166,1632,Low Stock,30.09,Chavez and Sons,2026-01-22
SKU-79685511,Optional fault-tolerant encoding,A2,810,164,1029,In Stock,14.65,Salazar-Harrison,2025-12-30
SKU-90316432,Optional logistical website,B1,212,164,887,In Stock,14.22,Yang Ltd,2026-02-17
SKU-81520732,Streamlined 3rdgeneration neural-net,A2,648,187,1952,In Stock,23.48,Sullivan-Jackson,2026-01-31
SKU-27801703,Open-source 24hour strategy,C2,199,150,601,In Stock,28.78,"Campbell, Walton and Cross",2026-01-17
SKU-25346893,Re-engineered high-level success,B1,792,128,1683,In Stock,40.61,"Abbott, Cruz and Morgan",2026-01-18
SKU-52587788,Robust 24/7 open system,D1,590,63,1563,In Stock,4.39,Maldonado PLC,2026-02-02
SKU-00941280,Automated homogeneous data-warehouse,C1,26,73,32,Low Stock,32.64,Bryant-Benjamin,2026-01-05
SKU-97831235,Realigned empowering array,A1,278,83,1156,In Stock,1.21,Thompson LLC,2026-01-16
SKU-74807505,Monitored asynchronous capability,D1,548,84,1155,In Stock,27.34,Cervantes Ltd,2025-12-30
SKU-93490467,Expanded 4thgeneration capability,D1,814,72,1962,In Stock,26.48,Morgan PLC,2026-02-19
SKU-73845041,Configurable modular standardization,Bulk,328,155,890,In Stock,30.26,Wright LLC,2026-02-19
SKU-34669600,Integrated local firmware,A2,899,139,1455,In Stock,27.92,Wilson-Lawson,2025-12-28
SKU-76533662,Decentralized optimizing collaboration,C1,777,95,934,In Stock,33.56,"Ingram, Barnett and Knight",2026-02-16
SKU-56320312,Customizable homogeneous task-force,A2,616,68,978,In Stock,45.4,"Williams, Smith and Gross",2026-01-26
SKU-23416000,Integrated homogeneous time-frame,A1,131,156,902,Low Stock,25.29,Perez-Flowers,2026-01-03
SKU-43700479,Customizable 24/7 groupware,B2,499,154,529,In Stock,33.96,Silva and Sons,2026-02-03
SKU-58928080,Horizontal tertiary middleware,B2,721,83,974,In Stock,3.68,Romero Ltd,2026-02-06
SKU-49142358,Multi-lateral mission-critical utilization,B2,510,131,789,In Stock,35.29,Wilson-Johnson,2026-02-03
SKU-02774855,Versatile human-resource Internet solution,A2,637,139,641,In Stock,9.21,"Jenkins, Johnson and Tucker",2025-12-23
SKU-96990100,Enhanced exuding methodology,A2,987,127,1345,In Stock,30.91,Burton-Robinson,2025-12-29
SKU-85519107,Diverse mobile hardware,Bulk,415,122,1633,In Stock,44.21,Martin-Richmond,2026-01-07
SKU-50001255,Re-contextualized multi-tasking artificial intelligence,C1,482,100,1618,In Stock,6.27,Conrad LLC,2026-02-18
SKU-38210983,Optimized non-volatile customer loyalty,C2,339,182,744,In Stock,34.25,Williams-Parks,2026-01-17
SKU-81966202,Ameliorated object-oriented website,D1,333,134,904,In Stock,23.01,Gonzales Inc,2026-02-17
SKU-18071931,Customizable 4thgeneration alliance,C1,738,198,1001,In Stock,44.75,"Kennedy, Brown and Lucas",2026-01-20
SKU-88531632,Reactive encompassing monitoring,Bulk,866,79,1609,In Stock,27.32,"Martin, Morton and Gardner",2026-01-28
SKU-61547933,Open-architected even-keeled product,D1,264,82,266,In Stock,11.94,Lyons-Arias,2026-01-19
SKU-11275015,Persevering exuding hardware,C2,783,89,982,In Transit,27.54,Gibson PLC,2025-12-25
SKU-88750583,Mandatory content-based workforce,A2,828,109,1628,In Stock,4.76,Moore-Roberts,2026-02-11
SKU-05549030,Reduced clear-thinking adapter,D1,330,154,1248,In Transit,21.73,"Mcintyre, Simmons and Vasquez",2025-12-23
SKU-61301900,Centralized zero administration standardization,B1,98,56,153,In Stock,7.26,"Hutchinson, Wallace and Washington",2026-01-09
SKU-04914518,Synergistic demand-driven alliance,B1,613,130,1897,In Stock,38.51,Hill-Brown,2025-12-29
SKU-41645567,Visionary client-server software,C2,759,190,1367,In Stock,9.55,Wallace-King,2026-02-04
SKU-19942544,Integrated 5thgeneration interface,Bulk,213,112,1024,In Stock,2.16,Young PLC,2026-02-12
SKU-22678515,Open-source actuating budgetary management,C1,538,163,1385,In Transit,44.65,Turner Ltd,2026-02-07
SKU-24176040,Upgradable holistic protocol,B1,65,109,1540,Low Stock,6.84,Wood Group,2026-01-04
SKU-53379689,Secured multi-tasking model,A2,434,116,650,In Stock,37.58,"Simpson, Mendez and Webb",2025-12-29
SKU-48870009,Integrated full-range budgetary management,B1,298,142,955,In Stock,0.99,Davis Group,2025-12-31
SKU-47413375,Multi-lateral modular functionalities,D1,793,63,961,In Stock,23.13,"Ellis, Woods and Brown",2026-02-07
SKU-99645342,Adaptive zero administration architecture,B1,25,112,1055,Low Stock,28.24,Davis and Sons,2026-02-11
SKU-07609176,Configurable system-worthy firmware,B1,932,109,1087,In Stock,7.58,Gallagher and Sons,2026-01-20
SKU-45345685,Exclusive client-server software,C1,234,164,530,In Stock,5.89,"Gonzalez, Dudley and Charles",2026-01-21
SKU-65000175,Inverse dedicated array,C2,387,76,1439,In Stock,41.25,Marquez Group,2026-01-10
SKU-79495271,Realigned maximized software,A1,291,121,1682,In Stock,41.98,"Benson, Flores and Alvarez",2026-02-09
SKU-00778886,Persevering intangible instruction set,B1,589,183,1050,In Stock,37.08,"Morton, Wilkerson and Bell",2026-02-01
SKU-01770605,Multi-channeled eco-centric focus group,C1,374,50,1462,In Stock,29.73,Jenkins Ltd,2026-01-26
SKU-22349477,Networked value-added productivity,B2,790,150,1817,In Stock,46.23,"Martin, Parker and Price",2026-01-28
SKU-60312877,Expanded analyzing database,A1,76,142,525,Low Stock,33.89,Walters LLC,2026-01-22
SKU-84623928,Proactive next generation focus group,Bulk,142,60,265,In Stock,14.63,Rogers-Daniels,2026-02-16
SKU-71858951,Configurable client-server hierarchy,A1,847,72,910,In Stock,18.28,Miller PLC,2026-01-16
SKU-38584169,Reverse-engineered systematic groupware,Bulk,150,165,854,Low Stock,15.45,"Lewis, Kim and Lee",2026-01-26
SKU-98152490,Persevering systemic throughput,B1,359,160,1525,In Stock,46.6,Bullock-Serrano,2026-01-10
SKU-65406939,Ergonomic value-added system engine,B1,469,191,1394,In Stock,48.0,"Castro, Shaw and Lane",2026-02-04
SKU-29220304,Operative leadingedge attitude,D1,181,152,1476,In Stock,41.8,"Hill, Sanders and Barker",2026-01-28
SKU-39587527,Quality-focused contextually-based circuit,C2,480,50,1996,In Stock,22.43,Hanson Group,2026-01-10
SKU-91726582,Switchable solution-oriented flexibility,C1,690,145,1561,In Stock,40.81,"Wilson, Chen and Higgins",2026-01-03
SKU-11900863,Down-sized composite system engine,B1,325,66,899,In Transit,28.88,"Hall, Williams and Mason",2025-12-31
SKU-32213775,Networked grid-enabled methodology,C2,257,95,347,In Stock,19.89,"Sims, Houston and Sexton",2026-02-13
SKU-93642088,Extended uniform knowledge user,A1,608,76,904,In Stock,29.59,"Terry, Wright and Sanders",2026-02-11
SKU-26564579,Versatile 24/7 structure,D1,999,146,1492,In Stock,48.47,"Stephens, Mason and Smith",2026-01-06
SKU-69367960,Intuitive disintermediate strategy,B1,687,83,1888,In Stock,30.08,"Wang, Schmitt and Ruiz",2025-12-28
SKU-67814992,Optional optimizing neural-net,B1,722,59,881,In Transit,37.29,"Rivers, King and Leon",2026-01-16
SKU-74146758,Robust content-based function,A2,51,145,307,Low Stock,32.65,Jones-Kirk,2025-12-31
SKU-23072695,Digitized high-level workforce,C1,962,142,1776,In Stock,49.33,Cabrera-Mack,2026-01-31
SKU-51404642,Fundamental non-volatile implementation,A2,787,73,1167,In Stock,31.09,Anderson-Hill,2026-02-03
SKU-13264741,Expanded dedicated moratorium,B2,241,156,1699,In Stock,23.87,Tran-Lyons,2026-01-05
SKU-79751964,Reactive mission-critical protocol,B2,446,199,1262,In Transit,25.4,Perkins Group,2026-01-24
SKU-67876341,Reactive intermediate workforce,A1,639,193,985,In Stock,39.13,Wiggins LLC,2026-01-28
SKU-27295878,Multi-channeled homogeneous standardization,A1,757,159,1573,In Stock,43.0,"Gomez, Wilson and Roberts",2026-01-09
SKU-91873101,Decentralized grid-enabled workforce,D1,803,110,1450,In Stock,25.95,"Ramirez, Shepherd and Ruiz",2026-02-06
SKU-01777383,Customizable zero-defect attitude,Bulk,780,118,1088,In Stock,20.31,Hensley Group,2026-01-09
SKU-44012113,Cross-group global Internet solution,A1,860,107,1509,In Stock,19.55,King-Bradshaw,2026-02-03
SKU-93810050,Quality-focused regional groupware,A2,162,79,775,In Stock,26.92,French LLC,2026-02-07
SKU-59682493,Phased composite data-warehouse,Bulk,743,116,1939,In Stock,10.04,Dodson-Mcmillan,2026-02-11
SKU-94470574,Public-key homogeneous alliance,D1,300,181,1109,In Stock,28.36,Cooper PLC,2025-12-27
SKU-84606396,Universal multimedia function,B2,806,144,1030,In Stock,6.2,Hardy-Jones,2026-02-04
SKU-45247767,Triple-buffered discrete hub,B2,118,138,1437,Low Stock,30.76,"Ingram, Kirby and Meza",2026-02-12
SKU-29996599,Profit-focused 6thgeneration website,Bulk,176,138,1995,In Stock,39.18,"Faulkner, Sanchez and Gray",2025-12-29
SKU-97083252,Vision-oriented impactful solution,A2,913,110,1450,In Stock,46.16,Gomez-Harvey,2026-01-08
SKU-54202634,Managed human-resource product,Bulk,252,90,1959,In Stock,12.68,Vance Ltd,2026-01-02
SKU-30273337,Intuitive 6thgeneration protocol,B1,833,145,1851,In Transit,36.9,"Gamble, Bell and Mccarthy",2026-01-05
SKU-28363682,Balanced bandwidth-monitored concept,Bulk,465,64,1094,In Stock,21.73,Watkins-Stevens,2026-01-12
SKU-94698657,Operative incremental Local Area Network,D1,443,160,1430,In Stock,9.32,"Walker, Morales and Hutchinson",2026-01-30
SKU-89258606,Upgradable grid-enabled data-warehouse,Bulk,359,180,1063,In Stock,25.26,Taylor-Villanueva,2026-01-15
SKU-22397201,Fully-configurable intangible encoding,C2,401,82,440,In Stock,2.37,Holmes-Cervantes,2026-02-07
SKU-37158095,Polarized 6thgeneration paradigm,B1,586,83,1581,In Stock,47.26,Moreno-Martin,2026-01-09
SKU-42520467,Monitored intangible conglomeration,Bulk,306,109,1285,In Transit,38.59,Hooper Ltd,2026-01-11
SKU-88600710,Secured optimal functionalities,C2,208,117,1427,In Stock,33.39,Sharp PLC,2026-01-13
SKU-22961525,Cross-group human-resource process improvement,C1,297,127,1470,In Stock,14.29,Hall PLC,2026-01-27
SKU-52915581,Expanded holistic conglomeration,B2,100,155,1785,Low Stock,37.25,"Mendoza, Flores and Mcneil",2026-02-15
SKU-21619830,Future-proofed value-added project,A1,50,180,1890,Low Stock,4.56,Berry PLC,2026-02-14
SKU-49193503,Up-sized discrete service-desk,C1,5,150,197,Low Stock,24.2,"Edwards, Miller and Ray",2026-02-19
SKU-26538488,Compatible mobile encoding,C2,605,114,1789,In Stock,30.1,Adams and Sons,2026-02-05
SKU-89978153,Future-proofed foreground approach,C2,101,51,284,In Transit,31.14,"Wagner, Smith and Kidd",2025-12-29
SKU-97893165,Virtual real-time emulation,D1,643,128,761,In Stock,7.44,Jackson-Garcia,2026-01-25
SKU-68696047,Programmable scalable projection,A2,587,189,1652,In Stock,17.84,"Gibson, Joseph and Booth",2026-02-12
SKU-97032786,Monitored 6thgeneration parallelism,C2,35,107,1815,Low Stock,7.75,Young-Rodgers,2026-01-04
SKU-42502449,Switchable object-oriented implementation,C2,964,83,1616,In Stock,3.33,Lopez Inc,2026-02-14
SKU-52798610,Digitized next generation leverage,A2,693,93,1701,In Stock,2.39,"Christensen, Bryan and Sullivan",2026-01-22
SKU-31292757,Inverse foreground open system,A1,768,114,1812,In Stock,31.34,"Jordan, Roberts and Marquez",2026-02-16
SKU-82852559,Future-proofed exuding structure,D1,471,141,1903,In Transit,46.86,Shannon LLC,2025-12-29
SKU-47961005,Seamless 24/7 structure,A2,588,131,1091,In Stock,25.58,Lee PLC,2026-01-02
SKU-99098124,Virtual mobile solution,C2,335,98,629,In Transit,16.14,"Contreras, Peterson and Bridges",2026-01-11
SKU-74780549,Team-oriented object-oriented policy,B2,149,169,1959,Low Stock,24.94,Williams-Gibson,2026-01-25
SKU-51522254,Programmable actuating flexibility,D1,672,199,1398,In Stock,9.81,Carrillo-Mendoza,2026-01-11
SKU-83104831,Right-sized value-added matrices,Bulk,888,71,1786,In Stock,39.41,Soto Group,2026-01-02
SKU-06646585,Phased object-oriented throughput,A2,83,146,1909,Low Stock,16.2,Morgan-Richards,2026-01-17
SKU-22704788,Public-key bifurcated productivity,B1,751,112,1098,In Transit,34.21,Roman-Barnes,2026-01-16
SKU-93614795,Horizontal interactive throughput,B1,389,185,1524,In Stock,19.65,Johnson-Reeves,2026-01-26
SKU-23474444,Function-based mobile migration,Bulk,0,54,1395,Out of Stock,46.85,Navarro-Nguyen,2026-01-29
SKU-12909452,Open-source analyzing superstructure,B2,512,175,1945,In Stock,8.71,Kramer-Wilson,2026-01-08
SKU-58413517,Programmable bi-directional process improvement,C1,608,145,939,In Stock,49.96,Richardson-Boyd,2026-01-28
SKU-59074311,Profit-focused discrete functionalities,C1,671,159,794,In Stock,36.91,Anderson-Davis,2026-02-07
SKU-22921222,Universal scalable hardware,A1,808,126,1394,In Stock,45.12,Browning-Dixon,2026-02-13
SKU-12409983,Organized multimedia Local Area Network,A1,267,163,306,In Stock,38.4,Nguyen Group,2026-01-16
SKU-48466134,Integrated even-keeled projection,D1,194,147,1223,In Stock,16.07,Yates-Miller,2026-02-02
SKU-11437185,Monitored national moratorium,A1,358,159,857,In Stock,1.7,Daniels-Rodriguez,2026-01-26
SKU-77063182,Balanced composite workforce,C2,698,110,1215,In Stock,42.85,Clark-Bullock,2025-12-25
SKU-66861850,Future-proofed impactful policy,C2,480,153,1733,In Stock,22.33,Peck and Sons,2026-02-04
SKU-26755427,Self-enabling client-driven projection,C1,566,129,742,In Stock,17.99,Dudley Inc,2026-01-31
SKU-41257432,Team-oriented intangible structure,B1,631,63,1225,In Stock,32.92,"Anderson, Davis and Wilson",2026-02-18
SKU-32428254,Phased radical moratorium,Bulk,680,53,1875,In Transit,47.81,Pearson Ltd,2026-01-25
SKU-90465024,Down-sized secondary data-warehouse,A2,401,76,1265,In Stock,31.18,"Perkins, Parrish and Olson",2026-02-04
SKU-95603858,Mandatory human-resource leverage,B1,413,165,727,In Stock,34.63,Alvarez Group,2026-02-03
SKU-70728293,Adaptive transitional interface,A1,124,121,207,In Stock,32.65,Cruz and Sons,2026-02-08
SKU-52727153,Robust cohesive matrices,B1,357,145,1778,In Transit,11.88,Dixon-Day,2026-01-07
SKU-84619556,Sharable eco-centric core,C2,92,100,678,Low Stock,3.83,"Brown, Lucero and King",2026-01-30
SKU-95131979,Reduced multi-tasking help-desk,D1,158,123,1476,In Stock,26.98,Jennings-Turner,2025-12-23
SKU-38791055,Organized optimal framework,D1,554,152,1291,In Transit,45.19,"Sanchez, Russell and Fuller",2026-02-02
SKU-15689610,Sharable next generation system engine,C2,777,72,1426,In Stock,0.83,Stewart-Jackson,2025-12-31
SKU-23483330,Seamless transitional algorithm,A1,631,54,1452,In Stock,20.15,"Schneider, Harris and Bowman",2026-02-15
SKU-54323087,User-friendly foreground knowledge user,B1,387,91,1358,In Stock,43.48,Hamilton Ltd,2026-01-18
SKU-64684833,Progressive client-server contingency,B1,98,151,1686,Low Stock,49.15,Kirk-Murphy,2026-01-26
SKU-03099728,Total client-driven structure,B1,294,122,1017,In Stock,33.03,Davis Group,2026-02-18
SKU-16638631,Progressive grid-enabled product,Bulk,464,168,499,In Stock,4.12,Herman-Brown,2026-02-07
SKU-62326674,Reactive responsive initiative,B2,193,109,1199,In Stock,21.11,"Bauer, Daniels and Huynh",2026-01-26
SKU-59588979,Re-contextualized static encryption,B2,168,102,1282,In Stock,30.97,Rivera-Wells,2025-12-23
SKU-40535456,Inverse impactful focus group,B2,379,169,1950,In Stock,44.14,Duke-Baxter,2026-01-28
SKU-42964612,Re-engineered uniform adapter,D1,360,152,918,In Stock,11.43,Mack Ltd,2026-02-10
SKU-86384605,Re-contextualized 6thgeneration productivity,D1,888,69,1818,In Stock,27.06,Bishop PLC,2026-01-16
SKU-91430670,Extended demand-driven synergy,B1,843,179,1084,In Stock,34.72,Pope-Skinner,2026-01-10
SKU-61489899,Persistent zero tolerance toolset,A2,268,122,1583,In Stock,14.4,Howard-Diaz,2025-12-23
SKU-62804325,Reactive zero tolerance archive,B2,81,193,1663,Low Stock,42.67,Henry Group,2026-01-18
SKU-65665824,Face-to-face mobile customer loyalty,C2,961,175,1841,In Stock,5.32,Rojas LLC,2026-02-09
SKU-60425089,Virtual global forecast,C2,980,149,1567,In Stock,48.0,Sutton Group,2026-01-16
SKU-61276123,Customizable next generation conglomeration,C2,17,93,312,Low Stock,4.59,Berg LLC,2026-01-21
SKU-84083142,Multi-channeled zero administration interface,C2,437,179,1532,In Stock,44.19,"James, Coffey and Johnson",2026-02-13
SKU-90539022,Face-to-face full-range Graphical User Interface,B2,425,102,947,In Stock,0.87,Martin-Hanson,2026-01-06
SKU-77533654,Reverse-engineered regional budgetary management,A2,222,183,1943,In Stock,40.42,Montoya-King,2026-01-10
SKU-19999692,Seamless holistic initiative,Bulk,279,160,463,In Stock,48.7,Spencer Ltd,2026-01-19
SKU-68514600,Enterprise-wide zero tolerance project,C1,607,112,755,In Stock,25.53,Noble-Miller,2026-01-11
SKU-84009036,Cross-group contextually-based collaboration,A2,400,162,1810,In Stock,43.86,"Jones, Gill and Ramirez",2026-02-19
SKU-27803882,Virtual solution-oriented customer loyalty,C2,629,77,761,In Stock,43.91,Hodges-Daniel,2026-01-13
SKU-55857192,Ameliorated methodical artificial intelligence,C1,221,131,1151,In Stock,48.36,Navarro Group,2026-01-27
SKU-17142915,Multi-layered 6thgeneration project,C2,51,106,1615,Low Stock,38.97,"Hubbard, Sullivan and Carpenter",2026-02-03
SKU-04512882,Operative mobile projection,Bulk,397,199,462,In Stock,45.27,Hodge Ltd,2026-02-15
SKU-63522358,Extended composite knowledgebase,A1,598,111,694,In Transit,36.49,"Morrison, Williams and Patterson",2026-01-12
SKU-41992876,Devolved tangible structure,B1,41,101,1903,Low Stock,31.8,Pineda-Chapman,2026-01-24
SKU-57432786,Horizontal intermediate access,Bulk,297,130,1032,In Stock,40.91,Lamb Group,2026-01-19
SKU-32153705,Managed stable benchmark,B1,62,58,1996,In Transit,47.42,Oconnor Inc,2026-02-19
SKU-74619818,Extended full-range parallelism,C2,522,167,630,In Stock,14.02,"Hammond, Jones and Ray",2026-01-10
SKU-52019708,Polarized solution-oriented functionalities,Bulk,307,55,1523,In Stock,25.0,Wang-Jacobs,2026-02-16
SKU-49204414,Re-engineered mobile interface,A2,992,126,1762,In Stock,38.06,Murphy-Holloway,2026-02-06
SKU-03710418,Multi-layered human-resource benchmark,Bulk,426,106,1559,In Stock,13.86,Jones and Sons,2026-02-15
SKU-45150081,Advanced systemic forecast,C2,737,57,1690,In Stock,26.59,"Howard, Ward and Lopez",2026-02-12
SKU-19275550,Realigned attitude-oriented info-mediaries,C1,645,63,1449,In Stock,34.52,"Montgomery, Haynes and Rush",2026-01-24
SKU-49466881,Virtual user-facing framework,B1,104,144,577,Low Stock,30.06,Guerrero PLC,2025-12-22
SKU-57286617,Self-enabling modular encoding,C1,177,88,1408,In Stock,42.44,Leon-Abbott,2026-02-16
SKU-93134484,Object-based multi-state focus group,C1,716,164,1793,In Stock,47.76,Brown-Gregory,2026-01-12
SKU-74814107,Intuitive 5thgeneration model,C1,687,138,1695,In Stock,2.2,Young-Rollins,2025-12-26
SKU-60614896,Integrated asymmetric collaboration,C1,805,196,907,In Stock,17.79,"Zimmerman, Norman and Hunt",2025-12-29
SKU-57738963,Configurable holistic Internet solution,C1,985,177,1632,In Stock,10.59,Phillips Ltd,2026-02-10
SKU-74387991,Cross-group content-based structure,D1,208,87,1322,In Stock,20.51,Cobb Ltd,2026-02-19
SKU-59504146,Customer-focused interactive orchestration,Bulk,850,82,1480,In Stock,44.09,Finley-Williams,2026-01-16
SKU-63907292,Vision-oriented web-enabled installation,B2,753,100,1395,In Stock,33.49,"Mcintosh, Mclaughlin and Berger",2026-01-20
SKU-36028191,Virtual leadingedge middleware,C1,843,61,1118,In Stock,35.12,"Ellis, Carroll and Jones",2026-02-11
SKU-84027504,Reduced contextually-based focus group,B2,105,139,523,Low Stock,17.56,Weaver Group,2025-12-26
SKU-95109459,Mandatory 24hour emulation,C2,909,185,1382,In Stock,17.62,"Lawrence, Horton and Smith",2026-02-04
SKU-89972571,Networked composite flexibility,D1,736,170,1258,In Stock,7.0,Weber Group,2026-02-05
SKU-99073688,Intuitive transitional interface,B2,419,62,1681,In Transit,18.13,"Newman, Brown and Brown",2026-01-17
SKU-82128883,Multi-tiered reciprocal info-mediaries,A2,837,90,1020,In Stock,25.58,Perez Ltd,2025-12-30
SKU-42827832,Synergized human-resource algorithm,A1,534,163,1116,In Stock,14.92,"Garza, Wong and Goodman",2026-01-20
SKU-05414406,Implemented regional approach,A2,236,138,1463,In Stock,12.74,Wright-Vazquez,2025-12-24
SKU-23551688,Object-based static Local Area Network,B2,671,116,1602,In Stock,12.64,Kane-Joseph,2026-01-25
SKU-01654257,Switchable attitude-oriented hierarchy,C1,584,163,1324,In Stock,0.94,Mccarthy-Mitchell,2026-01-26
SKU-83571985,Managed context-sensitive array,A1,661,163,890,In Stock,41.4,Kim-Harrison,2025-12-24
SKU-65027752,Reactive neutral service-desk,A1,368,119,404,In Stock,8.78,Stewart-Adams,2026-01-19
SKU-60169044,Robust composite standardization,Bulk,113,78,1306,In Transit,28.44,Morgan-Hoffman,2026-01-23
SKU-71709642,Devolved upward-trending challenge,A2,276,59,623,In Stock,0.45,Perry-Case,2026-02-17
SKU-62222327,Future-proofed web-enabled success,D1,923,130,1063,In Stock,29.3,"Haynes, Taylor and Barber",2026-02-04
SKU-43089734,Persistent object-oriented pricing structure,D1,498,190,1815,In Stock,32.98,Spencer-Leonard,2026-01-13
SKU-87422559,Polarized system-worthy info-mediaries,C2,188,150,1092,In Stock,36.47,"Strong, Kim and Miranda",2026-01-16
SKU-94488685,Pre-emptive 3rdgeneration knowledge user,Bulk,338,116,889,In Transit,34.76,"Stewart, Robinson and Keller",2026-01-25
SKU-46630865,Synergized coherent capacity,A1,591,72,934,In Stock,16.34,Santiago-Allen,2025-12-25
SKU-33573632,Visionary zero-defect moratorium,B2,80,134,1067,Low Stock,8.06,Huang-Ingram,2026-01-08
SKU-11418092,Vision-oriented impactful support,C2,10,153,130,Low Stock,40.35,Ferguson Inc,2026-01-28
SKU-08281586,Innovative multi-tasking Internet solution,A1,32,90,857,Low Stock,40.14,Bowman PLC,2026-02-07
SKU-14415616,Grass-roots 6thgeneration archive,B1,965,137,1344,In Transit,37.44,Phillips PLC,2026-02-13
SKU-20471248,Decentralized background challenge,C2,244,194,370,In Stock,11.99,Martinez Group,2025-12-25
SKU-31310338,Open-architected radical neural-net,D1,14,184,668,Low Stock,18.24,Maynard-Johnson,2026-01-31
SKU-67991846,Public-key responsive process improvement,A1,565,52,1434,In Stock,11.22,Hernandez-Terrell,2025-12-25
SKU-90942365,Synergistic client-server database,C2,148,91,1068,In Stock,45.72,Stevens LLC,2026-01-09
SKU-17044271,Fully-configurable eco-centric emulation,D1,768,76,1868,In Stock,6.87,"Juarez, Wood and Black",2026-02-11
SKU-35094425,Persevering neutral analyzer,B2,727,158,1335,In Stock,15.36,Harris-Henderson,2026-01-16
SKU-59189855,Diverse 4thgeneration functionalities,A1,358,121,1067,In Stock,46.5,"Adams, Pope and Miller",2025-12-29
SKU-41305713,Organic bottom-line methodology,C2,168,158,1029,In Stock,29.91,Young-Lopez,2026-01-27
SKU-59485254,Fundamental bi-directional solution,B2,196,176,1328,In Stock,42.54,Gregory-Williams,2026-02-15
SKU-26354187,Down-sized composite moratorium,B2,778,84,1842,In Stock,28.63,"Nelson, Blevins and Hall",2026-01-26
SKU-94490008,Phased transitional policy,C2,437,130,1072,In Stock,36.54,Carter Group,2026-02-15
SKU-98854783,Distributed methodical solution,C2,42,191,104,Low Stock,47.63,Benson-Blair,2026-02-13
SKU-16019867,Multi-channeled system-worthy open system,C1,582,167,1555,In Stock,35.42,Hampton Inc,2026-01-27
SKU-33620121,Organized client-driven support,D1,861,74,1478,In Stock,22.06,Mendez Ltd,2026-01-22
SKU-01696820,Team-oriented multi-tasking success,A1,401,185,1633,In Stock,44.29,White PLC,2026-01-23
SKU-00785044,Right-sized uniform frame,A1,498,50,1375,In Stock,18.01,Edwards Inc,2026-01-26
SKU-81859214,Synergistic fresh-thinking access,D1,1,84,524,Low Stock,11.06,"Swanson, Mckenzie and Miller",2026-01-06
SKU-15952271,Optional bandwidth-monitored website,A2,573,61,848,In Stock,22.88,"Wolf, Hunter and Olson",2026-02-07
SKU-17512343,Programmable optimal project,B1,291,135,866,In Stock,31.35,"Miller, Nunez and Rivera",2026-02-13
SKU-83701580,Total empowering service-desk,B1,611,161,1177,In Stock,4.94,"Rojas, Moore and Reyes",2026-01-04
SKU-58258972,Reverse-engineered attitude-oriented architecture,A1,423,51,651,In Stock,18.29,"Lee, Warren and Mcclain",2026-01-26
SKU-42355380,Horizontal bi-directional project,A1,104,88,1456,In Stock,20.3,Perez Group,2026-01-21
SKU-64027005,Progressive mobile workforce,Bulk,508,113,1238,In Stock,16.17,Howell PLC,2025-12-24
SKU-11956617,Digitized discrete groupware,A1,339,147,1432,In Stock,20.33,Chan-Richard,2026-01-23
SKU-48266352,Front-line regional projection,B2,362,142,471,In Stock,5.91,"Stark, Hall and Black",2026-01-16
SKU-06743949,Front-line background flexibility,B2,847,54,942,In Stock,41.67,"Garcia, Scott and Allen",2026-02-19
SKU-16223844,Vision-oriented analyzing collaboration,D1,551,77,824,In Stock,6.33,"Alexander, Randall and Moran",2026-01-04
SKU-24811477,Multi-layered intangible attitude,A1,461,58,781,In Stock,43.61,Harris LLC,2026-02-05
SKU-83847233,Synchronized modular ability,A2,950,56,1172,In Transit,2.16,Perry Group,2026-01-30
SKU-66129837,Programmable upward-trending knowledge user,C2,108,58,412,In Stock,31.32,Woods Inc,2026-01-05
SKU-26178608,Total impactful knowledgebase,D1,20,136,393,Low Stock,17.63,Mills-Liu,2025-12-26
SKU-55402484,Function-based tangible customer loyalty,D1,89,136,1778,Low Stock,28.97,"Cruz, Thompson and Lee",2026-02-03
SKU-60261762,Quality-focused uniform website,C2,398,100,807,In Stock,35.3,Cantu-Burton,2026-02-18
SKU-08308696,Seamless national archive,D1,87,149,1218,Low Stock,17.57,Harding PLC,2026-01-10
SKU-04275992,Innovative 24hour groupware,Bulk,832,53,1292,In Stock,17.91,Greer-Wilson,2026-02-17
SKU-65313398,Innovative web-enabled product,C1,890,59,1624,In Stock,20.35,Orr-Garner,2026-02-15
SKU-28540618,Centralized interactive moderator,B1,833,136,1049,In Stock,39.44,"Baker, Espinoza and Avila",2026-01-29
SKU-00131926,Total exuding flexibility,C1,129,164,1413,Low Stock,33.01,Russo-Morris,2026-01-31
SKU-57984506,Reactive bottom-line hub,D1,479,51,1865,In Stock,47.53,Thomas-Pennington,2025-12-23
SKU-67217816,Grass-roots static intranet,Bulk,95,167,1114,Low Stock,39.24,Cruz Ltd,2026-01-09
SKU-57926582,Front-line reciprocal algorithm,A2,143,112,250,In Stock,43.41,"Brooks, Schwartz and Williams",2026-02-19
SKU-48195720,Decentralized interactive budgetary management,C2,764,152,1330,In Stock,45.34,"Freeman, Wyatt and Harris",2026-01-28
SKU-81082896,Distributed zero tolerance adapter,A1,495,117,526,In Stock,24.66,"Gibson, Peters and Rodgers",2026-01-23
SKU-85999312,Compatible solution-oriented array,B2,348,74,580,In Stock,24.39,Armstrong-Smith,2026-01-03
SKU-70624533,Multi-lateral global moderator,A1,635,57,1328,In Stock,4.54,"Hartman, Jones and Bailey",2026-02-09
SKU-95382876,Fully-configurable upward-trending forecast,B2,117,119,1097,Low Stock,5.97,"Mclaughlin, Winters and Walters",2025-12-23
SKU-79589840,Devolved cohesive definition,C2,81,119,1680,Low Stock,9.61,"Stokes, Jackson and Mitchell",2026-02-10
SKU-33182841,Quality-focused foreground concept,C1,47,77,1205,Low Stock,3.08,"Contreras, Johnson and Lopez",2026-01-23
SKU-79900508,Pre-emptive actuating access,B1,428,196,667,In Stock,22.42,Mitchell Inc,2026-01-03
SKU-74142422,Upgradable full-range monitoring,B1,77,179,600,Low Stock,3.65,"Brown, Anderson and Hutchinson",2025-12-29
SKU-80476542,Object-based object-oriented array,C1,932,87,1779,In Transit,40.83,Ross-Mason,2026-01-23
SKU-46473790,Universal methodical installation,D1,463,55,911,In Stock,11.71,Crawford-Rodriguez,2025-12-22
SKU-07372766,Object-based heuristic Local Area Network,A2,641,81,1626,In Stock,44.3,Richards-Mcdaniel,2026-01-23
SKU-89290965,Business-focused fault-tolerant architecture,Bulk,933,129,1474,In Stock,32.57,Hardy-Howard,2026-02-08
SKU-85634251,Streamlined cohesive secured line,Bulk,413,148,1855,In Stock,42.58,Fox-Robinson,2025-12-28
SKU-72357439,Re-contextualized uniform implementation,C1,808,89,1759,In Stock,0.51,Wade-Landry,2026-02-12
SKU-86543897,Reactive eco-centric artificial intelligence,D1,623,87,1336,In Stock,37.06,Diaz Ltd,2026-02-01
SKU-92419544,Profound eco-centric complexity,D1,166,149,237,In Stock,12.31,Mcintosh and Sons,2025-12-27
SKU-95782829,Optimized object-oriented algorithm,A1,512,93,702,In Stock,35.28,Ramos PLC,2026-01-07
SKU-22638793,Customer-focused national alliance,A2,264,69,1022,In Transit,5.75,"Solomon, Giles and Shelton",2026-02-09
SKU-36890422,Automated contextually-based leverage,A1,795,160,1173,In Transit,16.01,"Perez, Mclaughlin and Wall",2026-01-17
SKU-69755965,Streamlined neutral hub,B1,74,66,650,In Stock,36.07,"Washington, Rodriguez and Munoz",2026-01-18
SKU-16818309,Up-sized context-sensitive projection,C1,240,151,1854,In Stock,47.25,Mason-Edwards,2026-01-08
SKU-12260812,Ergonomic 5thgeneration success,Bulk,219,189,256,In Stock,20.88,"Reyes, Ramos and Fitzgerald",2026-01-15
SKU-82366179,Versatile composite circuit,D1,843,54,1537,In Transit,0.9,Miller-Hoffman,2026-01-25
SKU-59129141,Horizontal bandwidth-monitored hardware,A1,888,82,1417,In Stock,3.91,"Scott, White and Pena",2026-01-19
SKU-57769011,Function-based context-sensitive concept,B2,249,67,1924,In Transit,0.57,"Franklin, Smith and Guerrero",2026-02-14
SKU-04723325,Grass-roots intangible moratorium,B1,974,156,1193,In Stock,37.33,Griffin-Kelley,2026-02-01
SKU-81192878,Decentralized systematic frame,Bulk,146,79,209,In Stock,35.33,Chapman PLC,2026-01-17
SKU-95690759,Polarized grid-enabled standardization,A2,74,80,1054,Low Stock,8.92,"Howard, Jacobs and Burton",2026-01-31
SKU-92817289,Persistent tertiary complexity,B1,744,84,1002,In Stock,45.16,"Thompson, Craig and Barrett",2026-01-21
SKU-87008913,Business-focused client-driven groupware,A1,156,183,1133,Low Stock,0.2,"Blevins, Rodriguez and Bennett",2026-01-11
SKU-22156631,Multi-tiered explicit task-force,A2,865,121,1531,In Stock,45.65,Rodriguez-Collins,2026-01-04
SKU-07477591,Assimilated neutral throughput,C1,240,127,433,In Stock,45.04,Kerr-Castro,2025-12-24
SKU-74159536,Front-line mobile neural-net,A2,238,168,1785,In Stock,26.9,Rivas Inc,2026-02-01
SKU-73791317,Cross-platform asynchronous info-mediaries,Bulk,206,193,850,In Transit,27.95,"Wallace, Foley and Poole",2026-02-01
SKU-83607585,Secured cohesive matrix,C1,879,195,899,In Stock,34.43,Mitchell Group,2026-02-18
SKU-50206711,Visionary impactful firmware,B2,503,52,999,In Stock,10.03,Lyons Inc,2026-01-23
SKU-08554819,Triple-buffered 4thgeneration project,D1,509,51,825,In Stock,39.19,Shelton-Griffin,2026-02-12
SKU-01538908,Public-key encompassing structure,Bulk,386,51,1441,In Transit,12.04,"Wong, Keller and Lowe",2026-02-16
SKU-97701958,Upgradable systemic encryption,C1,757,69,1262,In Stock,48.4,Johnson LLC,2026-01-08
SKU-13294373,Focused clear-thinking implementation,B1,22,85,529,Low Stock,38.06,"White, Velazquez and Williams",2026-02-16
SKU-41256398,Operative client-server firmware,D1,202,151,1531,In Stock,36.5,"Green, Hernandez and Wall",2026-01-02
SKU-85203471,Profound client-server access,B1,234,149,1650,In Stock,39.86,Russell and Sons,2026-01-16
SKU-16907508,Configurable multi-state policy,A2,58,172,1917,Low Stock,31.29,Mccann PLC,2026-01-22
SKU-06030988,Upgradable scalable model,B2,369,79,1100,In Stock,43.94,Williamson Ltd,2026-02-15
SKU-95063478,Mandatory secondary strategy,A1,459,107,1759,In Stock,7.08,Jones LLC,2026-02-07
SKU-97792659,Multi-layered composite conglomeration,C1,933,130,1910,In Stock,34.14,Velasquez Inc,2026-02-16
SKU-80153900,Automated heuristic model,C2,967,168,1123,In Transit,17.64,"Humphrey, Douglas and Mack",2026-02-10
SKU-60869401,Customizable system-worthy framework,A1,63,108,347,Low Stock,0.61,Krueger Inc,2026-01-10
SKU-37724801,Monitored radical conglomeration,C2,803,74,894,In Stock,1.29,Bowman-Joseph,2026-01-09
SKU-85785069,Compatible asynchronous Local Area Network,A2,309,97,831,In Stock,7.42,"Jimenez, Pratt and Madden",2026-02-08
SKU-62909426,Multi-channeled zero tolerance matrices,D1,765,122,1111,In Stock,40.54,Griffin Group,2026-02-10
SKU-69286544,Profit-focused cohesive emulation,C2,215,173,1103,In Stock,49.87,Flores Group,2026-01-31
SKU-13407940,Profit-focused zero tolerance help-desk,A2,221,195,1441,In Stock,37.52,Simmons and Sons,2026-02-15
SKU-27770511,Intuitive next generation capacity,Bulk,251,123,968,In Stock,37.58,"Holloway, Hall and Allen",2026-02-17
SKU-33249032,Switchable incremental groupware,D1,950,104,1473,In Stock,33.74,Ramirez Inc,2025-12-28
SKU-89892848,Progressive heuristic implementation,C2,257,103,1479,In Stock,31.64,Smith-Tate,2026-01-02
SKU-04940906,Secured cohesive frame,B1,310,135,752,In Stock,48.41,"Gordon, Molina and Huber",2026-02-04
SKU-07377396,Persistent exuding project,B1,800,182,1080,In Stock,46.0,Kirk-Duncan,2026-01-05
SKU-54366985,Multi-lateral regional paradigm,B2,469,191,880,In Stock,2.28,Johnson and Sons,2026-01-15
SKU-84944627,Cloned scalable superstructure,A1,777,65,1110,In Stock,9.32,Pena LLC,2026-01-14
SKU-10788493,Triple-buffered solution-oriented matrices,A1,203,76,1118,In Stock,28.13,Johnson LLC,2025-12-26
SKU-76568220,Intuitive intermediate initiative,Bulk,622,97,1764,In Stock,16.91,Gomez LLC,2025-12-28
SKU-59837794,Managed interactive frame,C2,925,197,1866,In Stock,47.24,"Moore, Wallace and Taylor",2026-01-17
SKU-99493059,Fundamental 6thgeneration extranet,B1,654,137,845,In Stock,7.17,"West, Crane and Beasley",2025-12-31
SKU-98620685,Streamlined empowering parallelism,C1,476,163,635,In Stock,11.44,"Brown, Banks and Montgomery",2026-02-13
SKU-74212422,Cross-group actuating attitude,C2,868,85,1674,In Stock,19.56,Martinez-Smith,2026-02-10
SKU-08954442,Extended executive function,Bulk,704,81,1078,In Stock,31.12,Camacho Group,2026-01-26
SKU-80468547,Synchronized asynchronous knowledgebase,C1,987,101,1286,In Stock,6.81,Wells-Pittman,2026-01-12
SKU-72449806,User-centric coherent matrices,A1,954,172,1556,In Stock,6.09,Pearson Inc,2025-12-23
SKU-93592253,Exclusive user-facing strategy,Bulk,930,83,1052,In Stock,19.38,Kemp-Wilson,2026-01-14
SKU-84726360,Operative encompassing application,D1,415,101,1277,In Stock,26.12,Bryan-Davis,2026-02-09
SKU-34000175,Profit-focused intangible middleware,B2,218,168,606,In Transit,44.45,Odonnell-Owens,2026-01-23
SKU-35272427,Multi-layered context-sensitive capability,C2,109,92,714,In Stock,12.34,Aguirre-Mills,2026-01-16
SKU-68078461,Focused zero-defect website,Bulk,709,171,947,In Transit,30.81,"Greer, Jennings and Hunter",2025-12-27
SKU-37258405,De-engineered context-sensitive solution,B1,130,171,522,Low Stock,21.01,Martinez LLC,2025-12-26
SKU-70947366,Horizontal needs-based functionalities,B1,104,81,522,In Stock,28.94,Scott LLC,2026-01-01
SKU-67361175,Profit-focused tangible projection,Bulk,571,157,1588,In Stock,25.7,Walters Group,2026-01-19
SKU-36668564,Open-architected intangible process improvement,B2,913,177,1075,In Stock,0.29,Mcgee Group,2025-12-29
SKU-85867161,Stand-alone radical firmware,A2,571,59,1337,In Stock,12.88,Fletcher-Kelly,2025-12-29
SKU-18651232,Integrated scalable artificial intelligence,B2,776,138,1078,In Stock,30.61,Turner-Johnson,2025-12-27
SKU-96062210,Face-to-face 24hour application,A2,789,148,995,In Transit,45.1,Booth-Thompson,2026-02-15
SKU-95888699,Switchable multi-state moratorium,C1,483,144,1932,In Stock,42.69,Anderson LLC,2026-01-15
SKU-61029217,Decentralized needs-based capability,B1,284,169,496,In Stock,10.53,Nelson-Brooks,2025-12-31
SKU-18882605,Reactive value-added software,A1,230,83,901,In Transit,16.17,Maynard LLC,2026-02-10
SKU-08903211,Focused holistic throughput,Bulk,142,158,1453,Low Stock,4.48,"Vang, Thomas and Moore",2026-01-21
SKU-93581578,Adaptive client-driven installation,A2,617,161,1955,In Stock,13.11,"Lawrence, Tyler and Rivera",2026-01-24
SKU-84518194,User-centric 24/7 pricing structure,D1,179,90,658,In Stock,23.42,Brown-Moore,2026-01-13
SKU-84608901,Reactive background architecture,D1,965,180,1493,In Stock,10.22,Martin Group,2026-02-11
SKU-91809193,Multi-lateral analyzing matrices,C2,205,118,1361,In Stock,31.12,"Robles, Sparks and Brown",2026-02-19
SKU-12942299,Stand-alone executive standardization,A1,397,98,1023,In Transit,46.92,Williams Group,2026-01-05
SKU-52162046,Distributed bandwidth-monitored software,Bulk,418,66,720,In Stock,43.76,"Christensen, Cruz and Mcdonald",2026-01-14
SKU-07453212,Compatible grid-enabled application,Bulk,407,138,1637,In Stock,5.84,Riley Group,2025-12-24
SKU-42817390,Synchronized solution-oriented challenge,A1,602,77,1289,In Stock,8.03,Dudley-West,2026-02-02
SKU-67023707,Realigned dedicated info-mediaries,A2,107,72,222,In Transit,16.56,Moore-Vasquez,2026-01-14
SKU-43253678,Distributed logistical support,A1,591,102,1272,In Stock,11.57,Hart Group,2026-02-15
SKU-37346942,Profound eco-centric pricing structure,C1,848,173,1797,In Stock,5.45,"Reed, Barron and Lewis",2026-01-17
SKU-30471573,Assimilated scalable matrices,Bulk,933,134,1110,In Stock,29.78,"Lane, Sims and Johnson",2026-01-10
SKU-91536006,Innovative multi-tasking core,C1,598,58,887,In Stock,30.11,Rogers-Romero,2026-02-01
SKU-72698815,User-friendly discrete intranet,C1,262,131,1096,In Stock,38.39,"Kelly, Osborne and Dominguez",2026-02-05
SKU-15481207,Ameliorated coherent matrix,A1,163,63,348,In Stock,31.24,"Johnson, Ward and Jenkins",2026-01-18
SKU-80771869,Customizable 3rdgeneration parallelism,C1,634,183,1279,In Stock,19.3,Gallagher LLC,2026-01-31
SKU-36050161,User-friendly dynamic functionalities,B1,404,79,1425,In Stock,9.1,Barrett and Sons,2026-01-09
SKU-32041804,Mandatory even-keeled system engine,B2,82,110,487,Low Stock,43.29,"Schmidt, Robertson and Thomas",2026-01-29
SKU-29236039,User-centric upward-trending concept,D1,286,171,486,In Stock,35.44,"Campbell, Cherry and Liu",2026-01-10
SKU-55907910,Visionary contextually-based software,B1,13,113,1565,Low Stock,1.32,Contreras and Sons,2026-02-16
SKU-17989244,Right-sized 24/7 attitude,Bulk,590,61,1521,In Stock,0.24,Foster-Davis,2026-01-23
SKU-64843827,Adaptive motivating software,C2,55,76,1141,Low Stock,31.48,Hall-Spence,2026-01-01
SKU-97621430,Integrated explicit framework,B2,642,163,1391,In Stock,6.07,"Clayton, May and Anderson",2026-01-25
SKU-60113269,Team-oriented local monitoring,Bulk,393,173,1305,In Transit,33.33,Braun and Sons,2026-02-17
SKU-53512178,Multi-layered homogeneous approach,D1,326,123,1585,In Stock,19.92,Spears-Hancock,2025-12-22
SKU-41028513,Distributed user-facing support,B2,511,193,1448,In Stock,35.75,"Sanchez, Holland and Baxter",2026-02-06
SKU-14764073,Synchronized asymmetric project,D1,984,192,1899,In Stock,5.81,Gonzalez-Young,2026-01-07
SKU-45470394,User-centric demand-driven customer loyalty,A1,394,154,405,In Stock,19.49,"Johnston, Benton and Wade",2026-01-04
SKU-15693686,Inverse dedicated portal,B2,409,95,1871,In Stock,26.39,"Griffith, Bell and Drake",2026-02-12
SKU-76868054,Open-source heuristic archive,Bulk,246,133,971,In Stock,3.61,"Hayden, Baker and Garcia",2026-01-02
SKU-03175491,Reverse-engineered incremental migration,A1,766,105,1967,In Stock,13.19,Morris-Massey,2026-01-04
SKU-13136512,Innovative local framework,C2,820,128,1033,In Stock,40.76,Cordova LLC,2026-01-19
SKU-40986098,Enterprise-wide clear-thinking system engine,B1,482,180,670,In Stock,15.42,Myers-Orr,2026-02-16
SKU-82775483,Optional cohesive access,C2,799,125,1800,In Stock,25.68,Parker-Nelson,2026-02-07
SKU-56301175,Visionary tertiary success,D1,542,176,1617,In Transit,45.34,"Braun, Stevens and Hayes",2026-01-18
SKU-79475709,Multi-channeled zero-defect focus group,B1,871,101,1497,In Stock,26.86,Vasquez LLC,2026-02-14
SKU-75830946,Optional mission-critical archive,C1,484,161,1369,In Stock,20.2,Keith Inc,2026-01-19
SKU-84226501,Mandatory asynchronous protocol,Bulk,101,134,745,Low Stock,30.43,Ross-Colon,2026-02-08
SKU-07911163,Polarized 4thgeneration time-frame,C1,467,165,832,In Transit,33.42,Holt-Banks,2026-01-04
SKU-74253524,Customizable actuating orchestration,B2,503,176,1250,In Transit,6.61,Andrade and Sons,2026-02-12
SKU-16385320,Grass-roots mission-critical time-frame,C1,756,131,1263,In Stock,19.35,"Miller, Spence and Williamson",2025-12-22
SKU-46148391,Future-proofed coherent neural-net,C1,347,149,689,In Stock,29.62,"Oneal, Nguyen and Skinner",2025-12-31
SKU-21867989,Grass-roots intangible support,C2,266,125,353,In Stock,39.95,"Ingram, Short and Coleman",2026-01-31
SKU-86691727,Multi-channeled fresh-thinking architecture,C2,313,148,792,In Stock,21.26,"Chan, Beasley and Kennedy",2026-02-05
SKU-63060485,Vision-oriented solution-oriented workforce,C1,356,195,1838,In Stock,14.92,Savage-Lynch,2026-02-02
SKU-84874351,Stand-alone coherent extranet,C2,690,59,1018,In Stock,22.42,Anthony and Sons,2026-02-05
SKU-12288557,Operative foreground hardware,B2,555,157,1060,In Stock,39.24,Spencer-Mills,2025-12-30
SKU-80440147,Operative dedicated methodology,A2,839,53,1168,In Stock,11.6,Beck-Lawrence,2026-02-08
SKU-18525281,Diverse holistic firmware,C1,967,90,1658,In Stock,7.53,Townsend PLC,2026-01-30
SKU-41719435,Optional multimedia help-desk,B1,243,140,1110,In Stock,17.5,"Turner, Flores and Weber",2026-02-10
SKU-80725206,Optional 3rdgeneration initiative,C2,850,158,1187,In Stock,12.66,Roberts-Jefferson,2026-01-16
SKU-50659173,Managed needs-based knowledge user,C1,299,169,1167,In Stock,37.08,Norton-Anderson,2026-02-04
SKU-17803137,Right-sized full-range initiative,C2,423,192,641,In Stock,48.07,Warren Ltd,2026-02-12
SKU-50988259,Diverse foreground task-force,C1,479,109,1277,In Transit,38.96,Fleming-Ball,2026-02-06
SKU-95729664,Organic human-resource intranet,B2,977,170,1856,In Stock,39.34,"Colon, Arnold and Freeman",2026-02-19
SKU-52392351,Configurable maximized monitoring,Bulk,349,144,782,In Transit,14.61,Hill and Sons,2026-02-06
SKU-89873120,Multi-channeled local project,A1,168,56,1276,In Stock,24.75,Rodgers-Simmons,2026-01-18
SKU-01489088,Centralized 5thgeneration architecture,B1,567,142,1412,In Stock,29.23,"Whitehead, Merritt and Johnson",2026-02-15
SKU-04446132,Programmable content-based concept,A2,611,110,1615,In Stock,9.83,Lowe and Sons,2026-01-30
SKU-46504302,Optimized eco-centric toolset,Bulk,578,117,1728,In Stock,15.09,Butler and Sons,2025-12-24
SKU-19653624,Cross-group interactive protocol,D1,230,88,1361,In Stock,41.54,Rodgers Ltd,2026-01-28
SKU-54221925,Profound static support,A1,694,122,1389,In Stock,34.43,"Medina, Ward and Bell",2025-12-24
SKU-56442502,Persevering scalable Internet solution,C1,715,97,1246,In Stock,37.11,"Martinez, Webb and Harris",2026-02-16
SKU-65695845,Streamlined client-driven budgetary management,A1,357,190,751,In Stock,9.31,Rice-Cook,2025-12-30
SKU-33267357,Decentralized heuristic infrastructure,B2,634,71,971,In Stock,23.03,"Henderson, Knight and Hutchinson",2026-01-01
SKU-64593258,Progressive 3rdgeneration interface,D1,458,184,1800,In Stock,4.59,"Barnett, James and Ross",2025-12-28
SKU-38307416,Persevering needs-based adapter,C2,261,108,561,In Stock,3.29,"Washington, Bradley and Yoder",2026-02-02
SKU-03357439,Decentralized web-enabled intranet,Bulk,101,78,1951,In Stock,44.4,"Price, Ferguson and Stanley",2026-01-03
SKU-12422548,Up-sized content-based intranet,B1,817,194,874,In Stock,44.15,"Taylor, Powers and Tucker",2025-12-26
SKU-29417803,Customizable systemic budgetary management,B1,327,199,1915,In Stock,32.91,Klein-Wade,2026-01-25
SKU-03377369,Cross-group incremental benchmark,B1,748,159,1426,In Stock,14.09,Cortez-Lee,2025-12-28
SKU-27108574,Horizontal static help-desk,C2,470,153,972,In Stock,31.37,"Gomez, Flores and Luna",2026-01-31
SKU-54638853,Digitized secondary adapter,A1,263,58,272,In Stock,4.25,Schneider-Sampson,2026-01-30
SKU-44926397,Fundamental regional monitoring,A2,988,73,1205,In Transit,49.2,Li-Ortiz,2025-12-30
SKU-48393324,Optional mission-critical portal,C1,234,53,387,In Stock,41.87,Castro-Crawford,2025-12-22
SKU-39785053,Reverse-engineered intangible secured line,B2,622,152,1679,In Stock,35.8,Flores LLC,2026-01-18
SKU-00623261,Decentralized client-driven projection,D1,495,155,1956,In Stock,24.61,"Ortiz, Munoz and Buck",2026-02-08
SKU-17208086,Operative methodical frame,C2,849,195,1303,In Stock,20.23,"Keith, Weeks and Harmon",2026-02-09
SKU-17576673,Compatible 24hour paradigm,Bulk,414,100,1036,In Stock,10.05,Zavala-Lopez,2026-01-28
SKU-29005468,Managed maximized approach,Bulk,485,60,788,In Stock,40.01,Smith-Hudson,2026-01-13
SKU-19378138,Ameliorated 24hour leverage,A2,732,83,1525,In Stock,7.66,Hartman-Wiggins,2025-12-27
SKU-74413287,Implemented multi-state installation,C1,795,193,1475,In Stock,14.71,"Brady, Mitchell and Stevens",2026-02-15
SKU-86217859,Programmable next generation matrix,B2,423,94,1368,In Stock,7.56,Bender-Potter,2026-01-27
SKU-25338782,Future-proofed holistic synergy,B2,179,143,904,In Stock,32.87,"Lara, Nelson and Greene",2026-02-06
SKU-61921535,Face-to-face even-keeled info-mediaries,A1,742,76,1268,In Stock,16.19,Patel-Barnett,2026-02-02
SKU-80593348,Customizable global middleware,D1,327,127,1526,In Stock,47.42,"Garza, Reed and Brown",2026-01-13
SKU-11919261,Phased 24hour algorithm,C2,760,115,1857,In Stock,44.77,Barron and Sons,2026-02-10
SKU-92424104,Extended systemic strategy,A1,375,193,1099,In Stock,11.41,"Roth, Hunt and King",2026-01-17
SKU-98437139,Pre-emptive client-driven infrastructure,A1,451,81,969,In Stock,49.45,"Hill, Ruiz and Marshall",2026-02-16
SKU-56406023,Seamless uniform time-frame,C1,902,100,1137,In Stock,32.88,Sanchez Inc,2026-02-08
SKU-62687683,Innovative real-time matrix,D1,843,146,1810,In Stock,32.97,"Simmons, Reyes and Snyder",2026-02-04
SKU-47719576,Focused directional open system,Bulk,211,170,761,In Stock,47.62,Jones-Hill,2026-01-30
SKU-92940871,Right-sized disintermediate conglomeration,A2,79,83,1193,Low Stock,47.89,Crawford-Dunn,2026-01-09
SKU-27538357,Grass-roots tertiary model,D1,181,154,1593,In Stock,9.43,"Hancock, Green and Pearson",2026-01-08
SKU-78267343,Profound transitional framework,C1,474,180,1087,In Stock,20.69,Zhang Ltd,2026-01-08
SKU-74230235,Programmable grid-enabled model,A1,64,101,1065,Low Stock,47.63,Jackson-Rogers,2026-02-17
SKU-35732884,Extended national capacity,B1,608,148,927,In Stock,1.72,Collins-Hansen,2026-02-04
SKU-88448008,Re-contextualized reciprocal challenge,B1,932,149,1320,In Stock,9.22,"Clark, Thomas and Griffin",2026-02-03
SKU-91162854,Enterprise-wide asynchronous customer loyalty,B1,692,147,1007,In Stock,39.27,"Ramsey, Vasquez and Harper",2026-01-28
SKU-62695268,Open-source 24hour methodology,C2,181,158,686,In Transit,11.26,"Herring, Herrera and Moon",2026-01-12
SKU-43978304,Reverse-engineered background implementation,A2,156,138,681,In Stock,35.18,"Gillespie, Grant and Graham",2026-01-03
SKU-89452493,Front-line 24hour algorithm,Bulk,549,52,772,In Stock,36.22,"Ruiz, Mcconnell and May",2026-01-28
SKU-08631732,Universal modular leverage,Bulk,177,84,904,In Stock,31.6,Hawkins-Davis,2025-12-26
SKU-71775999,Face-to-face maximized hierarchy,Bulk,964,71,1427,In Stock,25.71,"Wright, Montgomery and Russell",2026-01-31
SKU-88857718,Re-contextualized context-sensitive approach,D1,102,161,1922,Low Stock,49.0,"Wright, Davidson and Bolton",2026-02-08
SKU-67701759,Expanded bandwidth-monitored secured line,B2,210,62,418,In Stock,34.28,"Bailey, Bell and Hinton",2026-01-24
SKU-71059488,Open-source demand-driven support,A1,226,185,1605,In Stock,4.38,Hart-Clark,2026-02-10
SKU-99200831,Virtual optimal collaboration,D1,16,145,1693,Low Stock,28.49,Howard Inc,2025-12-29
SKU-22549617,Cloned bottom-line system engine,C1,957,87,1871,In Stock,6.48,Casey-Hendricks,2026-02-14
SKU-03745069,Fundamental system-worthy superstructure,B2,285,148,1304,In Stock,22.68,Fox LLC,2026-02-11
SKU-32768190,Pre-emptive intangible throughput,B2,819,125,1122,In Transit,44.18,Brown-Livingston,2026-02-13
SKU-75635008,De-engineered full-range Graphic Interface,A2,878,185,927,In Stock,41.6,Cherry Group,2025-12-25
SKU-27603369,Profit-focused motivating Internet solution,C2,507,178,847,In Stock,3.82,Ferguson-Walters,2026-02-08
SKU-10593042,Future-proofed non-volatile paradigm,C2,959,110,1436,In Stock,30.37,Baker Ltd,2026-01-16
SKU-14181825,De-engineered multi-state standardization,A2,614,105,1145,In Stock,12.32,Gaines LLC,2026-01-08
SKU-96158265,Self-enabling coherent system engine,D1,808,126,1736,In Stock,31.14,"Miller, Shelton and Vargas",2026-01-01
SKU-79435239,Total well-modulated knowledge user,C2,836,91,1536,In Transit,34.58,"Jordan, Cook and Key",2026-01-05
SKU-43667796,Networked incremental product,C2,163,84,501,In Stock,42.27,Reed-Andersen,2025-12-23
SKU-07283475,Sharable scalable installation,A1,593,86,1197,In Stock,20.0,Flores LLC,2026-02-11
SKU-19300771,Organic exuding moderator,B2,833,125,1946,In Transit,39.11,Miller Ltd,2025-12-27
SKU-91804839,Multi-tiered coherent challenge,D1,948,130,1008,In Stock,9.1,Baker-Glover,2026-02-19
SKU-64820347,Open-source transitional contingency,A1,686,70,909,In Transit,27.01,Garcia-Gaines,2026-02-10
SKU-55809054,Organized client-server frame,Bulk,598,59,1135,In Stock,49.43,Smith-Woods,2026-01-22
SKU-85893320,Configurable heuristic core,C2,163,57,1317,In Transit,42.11,"Foster, Campbell and Figueroa",2025-12-22
SKU-92592254,Assimilated user-facing model,A2,623,52,806,In Transit,27.01,"King, Smith and Robertson",2026-01-17
SKU-51218171,Versatile hybrid process improvement,Bulk,74,148,1982,Low Stock,38.25,Williams LLC,2026-01-08
SKU-61521827,Operative motivating Local Area Network,C1,113,121,1555,Low Stock,7.93,Fuller Group,2026-02-09
SKU-45095290,Optional bandwidth-monitored flexibility,Bulk,823,86,1718,In Stock,36.95,"Hudson, Fernandez and Spencer",2026-02-09
SKU-63980288,Digitized motivating frame,C1,126,74,1352,In Stock,17.69,Gutierrez-Owens,2025-12-31
SKU-12490424,Diverse coherent installation,C1,182,70,764,In Stock,15.5,Mendoza-Klein,2026-02-13
